elapsed_s,x,y,z,facing_deg,ducked,sprinting,swimming
0.05,0.69,1.13,-2.31,0.0,False,False,False
0.10,0.69,1.13,-2.31,0.0,False,False,False
0.16,0.69,1.13,-2.31,0.0,False,False,False
0.21,0.69,1.13,-2.31,0.0,False,False,False
0.25,0.69,1.13,-2.31,0.0,False,False,False
0.30,0.69,1.13,-2.31,0.0,False,False,False
0.35,0.69,1.13,-2.31,0.0,False,False,False
0.40,0.69,1.13,-2.31,0.0,False,False,False
0.46,0.69,1.13,-2.31,0.0,False,False,False
0.51,0.69,1.13,-2.31,0.0,False,False,False
0.55,0.69,1.13,-2.31,0.0,False,False,False
0.61,0.69,1.13,-2.31,0.0,False,False,False
0.65,0.69,1.13,-2.31,0.0,False,False,False
0.70,0.69,1.13,-2.31,0.0,False,False,False
0.75,0.69,1.13,-2.31,0.0,False,False,False
0.80,0.69,1.13,-2.31,0.0,False,False,False
0.85,0.69,1.13,-2.31,0.0,False,False,False
0.90,0.69,1.13,-2.31,0.0,False,False,False
0.95,0.73,1.13,-2.28,0.0,False,False,False
1.00,0.81,1.13,-2.22,0.0,False,False,False
1.05,0.97,1.13,-2.09,0.0,False,False,False
1.10,1.05,1.13,-2.02,0.0,False,False,False
1.15,1.20,1.13,-1.89,0.0,False,False,False
1.21,1.28,1.13,-1.83,0.0,False,False,False
1.25,1.36,1.13,-1.76,0.0,False,False,False
1.30,1.51,1.13,-1.62,0.0,False,False,False
1.35,1.59,1.13,-1.55,0.0,False,False,False
1.40,1.66,1.13,-1.48,0.0,False,False,False
1.45,1.81,1.13,-1.34,0.0,False,False,False
1.50,1.89,1.13,-1.28,0.0,False,False,False
1.55,1.96,1.13,-1.21,0.0,False,False,False
1.60,2.12,1.13,-1.06,0.0,False,False,False
1.65,2.20,1.13,-0.99,0.0,False,False,False
1.70,2.26,1.13,-0.94,0.0,False,False,False
1.75,2.41,1.15,-0.79,0.0,False,False,False
1.80,2.49,1.16,-0.72,0.0,False,False,False
1.85,2.62,1.16,-0.60,0.0,False,False,False
1.90,2.67,1.15,-0.55,0.0,False,False,False
1.95,2.70,1.13,-0.53,0.0,False,False,False
2.00,2.70,1.13,-0.53,0.0,False,False,False
2.05,2.70,1.13,-0.53,0.0,False,False,False
2.10,2.70,1.13,-0.53,0.0,False,False,False
2.15,2.70,1.13,-0.53,0.0,False,False,False
2.20,2.70,1.13,-0.53,0.0,False,False,False
2.24,2.70,1.13,-0.53,0.0,False,False,False
