shortname,displayName,category,workbenchTier,amountToCreate,craftSeconds,userCraftable,unlockedByDefault,ingredients
2module.car,"2 Module Car",Misc,1,1,30.0,False,False,"100xmetal.fragments"
2module.car.chassis,"2 Module Car Chassis",Misc,1,1,30.0,False,False,"100xmetal.fragments"
3module.car,"3 Module Car",Misc,1,1,30.0,False,False,"100xmetal.fragments"
3module.car.chassis,"3 Module Car Chassis",Misc,1,1,30.0,False,False,"100xmetal.fragments"
4module.car,"4 Module Car",Misc,1,1,30.0,False,False,"100xmetal.fragments"
4module.car.chassis,"4 Module Car Chassis",Misc,1,1,30.0,False,False,"100xmetal.fragments"
50cal.mounted,"#50cal",Weapon,3,1,180.0,False,False,""
50cal.mounted.left,"#50cal",Weapon,3,1,180.0,False,False,""
50cal.mounted.right,"#50cal",Weapon,3,1,180.0,False,False,""
abovegroundpool,"Above Ground Pool",Fun,1,1,60.0,True,True,"200xmetal.fragments;3xtarp;500xwood"
abyss.barrel.horizontal,"Abyss Horizontal Storage Tank",Items,0,1,30.0,True,False,"300xwood;75xmetal.fragments"
abyss.barrel.vertical,"Abyss Vertical Storage Tank",Items,0,1,30.0,True,False,"300xwood;75xmetal.fragments"
aiming.module.mlrs,"Aiming Module",Component,3,1,10.0,False,False,"100xmetal.fragments;4xtechparts"
ammo.grenadelauncher.buckshot,"40mm Shotgun Round",Ammunition,3,2,10.0,False,False,"4xmetal.fragments;15xgunpowder"
ammo.grenadelauncher.he,"40mm HE Grenade",Ammunition,3,2,10.0,False,False,"1xmetalpipe;30xgunpowder;1xexplosives"
ammo.grenadelauncher.smoke,"40mm Smoke Grenade",Ammunition,3,2,10.0,False,False,"1xmetalpipe;30xgunpowder"
ammo.handmade.shell,"Handmade Shell",Ammunition,0,2,3.0,True,True,"5xstones;5xgunpowder"
ammo.mortar.basic,"Mortar Shell",Ammunition,2,2,10.0,True,False,"1xmetalpipe;300xgunpowder"
ammo.mortar.fragment,"Fragmentation Mortar Shell",Ammunition,2,3,10.0,True,False,"1xmetalpipe;150xgunpowder"
ammo.nailgun.nails,"Nailgun Nails",Ammunition,0,5,2.0,True,True,"8xmetal.fragments"
ammo.paintball,"Paintball",Ammunition,0,20,3.0,True,True,"10xcloth;2xyellow.berry"
ammo.pistol,"Pistol Bullet",Ammunition,1,4,3.0,True,False,"10xmetal.fragments;5xgunpowder"
ammo.pistol.fire,"Incendiary Pistol Bullet",Ammunition,2,3,3.0,True,False,"10xmetal.fragments;10xgunpowder;5xsulfur"
ammo.pistol.hv,"HV Pistol Ammo",Ammunition,2,4,3.0,True,False,"10xmetal.fragments;10xgunpowder"
ammo.rifle,"5.56 Rifle Ammo",Ammunition,2,3,3.0,True,False,"10xmetal.fragments;5xgunpowder"
ammo.rifle.explosive,"Explosive 5.56 Rifle Ammo",Ammunition,3,2,3.0,True,False,"10xmetal.fragments;20xgunpowder;10xsulfur"
ammo.rifle.hv,"HV 5.56 Rifle Ammo",Ammunition,3,3,3.0,True,False,"10xmetal.fragments;10xgunpowder"
ammo.rifle.incendiary,"Incendiary 5.56 Rifle Ammo",Ammunition,3,2,3.0,True,False,"10xmetal.fragments;10xgunpowder;5xsulfur"
ammo.rocket.basic,"Rocket",Ammunition,3,1,10.0,True,False,"2xmetalpipe;150xgunpowder;10xexplosives"
ammo.rocket.fire,"Incendiary Rocket",Ammunition,2,1,10.0,True,False,"2xmetalpipe;150xgunpowder;75xlowgradefuel"
ammo.rocket.hv,"High Velocity Rocket",Ammunition,2,1,10.0,True,False,"1xmetalpipe;100xgunpowder"
ammo.rocket.mlrs,"MLRS Rocket",Ammunition,3,2,10.0,False,False,"8xmetalpipe;400xgunpowder"
ammo.rocket.sam,"SAM Ammo",Ammunition,2,6,10.0,True,False,"1xmetalpipe;30xgunpowder"
ammo.rocket.seeker,"Homing Missile",Ammunition,2,2,10.0,True,False,"2xmetalpipe;100xgunpowder;1xtechparts"
ammo.rocket.smoke,"Smoke Rocket WIP!!!!",Ammunition,0,1,10.0,False,False,"80xmetal.fragments;200xgunpowder;25xlowgradefuel"
ammo.shotgun,"12 Gauge Buckshot",Ammunition,2,2,3.0,True,False,"5xmetal.fragments;10xgunpowder"
ammo.shotgun.fire,"12 Gauge Incendiary Shell",Ammunition,2,2,3.0,True,False,"5xmetal.fragments;10xgunpowder;20xsulfur"
ammo.shotgun.slug,"12 Gauge Slug",Ammunition,2,2,3.0,True,False,"5xmetal.fragments;10xgunpowder"
anchor,"Anchor",Items,1,1,30.0,True,False,"250xwood"
arcade.machine.chippy,"Chippy Arcade Game",Items,1,1,30.0,True,False,"10xmetal.refined;2xgears"
arrow.bone,"Bone Arrow",Ammunition,0,3,3.0,True,True,"25xwood;10xbone.fragments"
arrow.fire,"Fire Arrow",Ammunition,1,2,3.0,True,False,"20xwood;2xcloth;10xlowgradefuel"
arrow.hv,"High Velocity Arrow",Ammunition,1,2,3.0,True,True,"20xwood;5xmetal.fragments"
arrow.wooden,"Wooden Arrow",Ammunition,0,2,3.0,True,True,"25xwood;10xstones"
attackhelicopter,"Attack Helicopter",Misc,0,1,30.0,False,False,"1000xmetal.fragments"
attire.banditguard,"Bandit Guard Gear",Attire,0,1,1.0,False,False,"5xtarp;2xsewingkit;8xmetal.refined"
attire.bunny.onesie,"Bunny Onesie",Attire,0,1,1.0,False,False,"40xcloth"
attire.bunnyears,"Bunny Ears",Attire,0,1,30.0,False,False,"20xcloth"
attire.egg.suit,"Egg Suit",Attire,0,1,15.0,True,False,"60xcloth;2xsewingkit"
attire.hide.boots,"Hide Boots",Attire,0,1,30.0,True,True,"10xleather"
attire.hide.helterneck,"Hide Halterneck",Attire,0,1,30.0,True,True,"10xleather"
attire.hide.pants,"Hide Pants",Attire,0,1,30.0,True,True,"10xleather"
attire.hide.poncho,"Hide Poncho",Attire,0,1,30.0,True,True,"15xleather"
attire.hide.skirt,"Hide Skirt",Attire,0,1,30.0,True,True,"10xleather"
attire.hide.vest,"Hide Vest",Attire,0,1,30.0,True,True,"10xleather"
attire.nesthat,"Nest Hat",Attire,1,1,30.0,False,False,"10xcloth;1xskull.wolf"
attire.ninja.suit,"Ninja Suit",Attire,0,1,1.0,True,False,"60xcloth;2xsewingkit"
attire.reindeer.headband,"Reindeer Antlers",Attire,0,1,30.0,False,False,"20xcloth"
attire.snowman.helmet,"Snowman Helmet",Attire,0,1,30.0,True,False,"10xcloth"
autoturret,"Auto Turret",Electrical,2,1,45.0,True,False,"1xtargeting.computer;1xcctv.camera;25xmetal.refined"
axe.salvaged,"Salvaged Axe",Tool,2,1,30.0,True,False,"1xmetalpipe;5xmetalblade"
ball,"Soccer Ball",Misc,0,1,30.0,False,False,"1000xmetal.fragments"
ballista.bolt.hammerhead,"Hammerhead Bolt",Ammunition,2,1,10.0,True,False,"5xmetal.refined;75xmetal.fragments"
ballista.bolt.incendiary,"Incendiary Bolt",Ammunition,2,1,10.0,True,False,"50xmetal.fragments;10xcloth;10xlowgradefuel"
ballista.bolt.piercer,"Piercer Bolt",Ammunition,2,1,10.0,True,False,"5xmetal.refined;75xmetal.fragments"
ballista.bolt.pitchfork,"Pitchfork Bolt",Ammunition,2,1,10.0,True,False,"100xwood;50xmetal.fragments"
ballista.mounted,"Mounted Ballista",Weapon,2,1,30.0,True,False,"250xmetal.fragments;1xgears;2xsheetmetal"
ballista.static,"Ballista",Weapon,2,1,30.0,True,False,"250xmetal.fragments;1xgears;2xsheetmetal"
ballistic.helmet,"Ballistic helmet",Attire,3,1,45.0,False,False,"30xmetal.refined"
ballistic.legarmor,"Ballistic leg armour",Attire,3,1,30.0,False,False,"80xcloth;50xmetal.refined"
ballistic.vest,"Ballistic vest",Attire,3,1,45.0,False,False,"50xmetal.refined;5xsewingkit"
bamboo.barrel,"Bamboo Barrel",Items,0,1,30.0,True,False,"300xwood;75xmetal.fragments"
bandage,"Bandage",Medical,0,1,5.0,True,True,"4xcloth"
bar.stool.metal,"Metal Bar Stool",Items,1,1,30.0,False,False,"50xwood;75xmetal.fragments"
bar.stool.wood,"Wooden Bar Stool",Items,1,1,30.0,False,False,"50xwood;75xmetal.fragments"
barricade.concrete,"Concrete Barricade",Construction,2,1,30.0,True,False,"200xstones"
barricade.medieval,"Medieval Barricade",Construction,1,1,30.0,True,False,"300xwood;50xmetal.fragments"
barricade.metal,"Metal Barricade",Construction,2,1,30.0,True,False,"200xmetal.fragments;2xmetalblade"
barricade.sandbags,"Sandbag Barricade",Construction,1,1,30.0,True,False,"100xstones;10xcloth"
barricade.stone,"Stone Barricade",Construction,0,1,30.0,True,False,"100xstones"
barricade.wood,"Wooden Barricade",Construction,0,1,30.0,True,False,"300xwood;1xrope"
barricade.wood.cover,"Wooden Barricade Cover",Construction,0,1,25.0,True,False,"250xwood"
barricade.woodwire,"Barbed Wooden Barricade",Construction,1,1,30.0,True,False,"300xwood;50xmetal.fragments;1xrope"
base.half.shelves,"Base half shelves",Items,0,1,1.0,False,False,""
base.horizontal.barrel,"Base horizontal storage barrel",Items,0,1,1.0,False,False,""
base.single.shelves,"Base single shelves",Items,0,1,1.0,False,False,""
base.vertical.barrel,"Base vertical storage barrel",Items,0,1,1.0,False,False,""
bathtub.planter,"Bath Tub Planter",Items,0,1,30.0,True,False,"100xmetal.fragments"
batteringram,"Battering Ram",Weapon,2,1,30.0,True,False,"500xwood;2xsheetmetal;1xtarp;100xmetal.refined"
batteringram.head.repair,"Battering Ram Head",Weapon,0,1,30.0,False,False,"125xmetal.refined"
bbq,"Barbeque",Items,0,1,30.0,True,True,"40xmetal.fragments;100xwood"
bdu.pants,"BDU pants",Attire,0,1,30.0,False,False,"60xcloth"
bdu.shirt,"BDU shirt",Attire,1,1,30.0,False,False,"60xcloth"
beachchair,"Beach Chair",Fun,1,1,30.0,True,True,"50xwood;75xmetal.fragments"
beachparasol,"Beach Parasol",Fun,0,1,30.0,True,True,"20xcloth;75xmetal.fragments"
beachtable,"Beach Table",Fun,0,1,30.0,True,False,"100xwood"
beachtowel,"Beach Towel",Fun,0,1,30.0,True,True,"30xcloth"
beanbagseatfabric,"Fabric Beanbag Seat",Items,1,1,30.0,False,False,"50xwood;75xmetal.fragments"
beanbagseatleather,"Leather Beanbag Seat",Items,1,1,30.0,False,False,"50xwood;75xmetal.fragments"
bed,"Bed",Items,1,1,30.0,True,False,"60xcloth;100xmetal.fragments;2xsewingkit"
beehive,"Beehive",Construction,1,1,30.0,True,False,"300xwood;1xsheetmetal"
bicycle,"Bicycle",Misc,1,1,30.0,False,False,"50xmetal.fragments"
blowpipe,"Blow Pipe",Weapon,1,1,30.0,True,False,"200xwood;1xmetalpipe;10xcloth"
blunderbuss,"Blunderbuss",Weapon,1,1,40.0,False,False,"175xmetal.fragments;2xmetalpipe"
boat.planner,"Boat Building Plan",Construction,1,1,15.0,True,False,"20xwood"
boatbuildingstation,"Boat Building Station",Items,1,1,30.0,True,False,"200xwood;1xtarp"
bone.armor.suit,"Bone Armor",Attire,0,1,30.0,True,True,"15xcloth;70xbone.fragments"
bone.club,"Bone Club",Weapon,0,1,10.0,True,True,"20xbone.fragments"
boogieboard,"Boogie Board",Fun,1,1,30.0,True,True,"75xmetal.fragments;1xtarp"
boombox,"Boom Box",Fun,1,1,15.0,True,True,"200xwood;100xmetal.fragments;20xcloth"
boomerang,"Boomerang",Weapon,0,1,10.0,True,True,"300xwood"
boots.frog,"Frog Boots",Attire,0,1,1.0,True,False,"1xtarp"
botabag,"Bota Bag",Items,0,1,15.0,True,True,"10xcloth"
bow.compound,"Compound Bow",Weapon,1,1,30.0,True,False,"100xwood;75xmetal.fragments;2xrope"
bow.hunting,"Hunting Bow",Weapon,0,1,30.0,True,True,"200xwood;50xcloth"
box.repair.bench,"Repair Bench",Items,1,1,30.0,True,True,"125xmetal.fragments"
box.wooden,"Wood Storage Box",Items,0,1,15.0,True,True,"100xwood"
box.wooden.large,"Large Wood Box",Items,0,1,30.0,True,True,"250xwood;50xmetal.fragments"
bucket.helmet,"Bucket Helmet",Attire,1,1,30.0,True,False,"20xmetal.fragments"
bucket.water,"Water Bucket",Tool,0,1,30.0,True,False,"20xmetal.fragments"
building.planner,"Building Plan",Construction,0,1,15.0,True,True,"20xwood"
bunny.suit,"Bunny Costume",Attire,0,1,15.0,True,False,"25xcloth;200xwood"
burlap.gloves,"Leather Gloves",Attire,0,1,30.0,True,True,"20xleather"
burlap.gloves.new,"Burlap Gloves",Attire,0,1,15.0,True,True,"5xcloth"
burlap.headwrap,"Burlap Headwrap",Attire,0,1,15.0,True,True,"10xcloth"
burlap.shirt,"Burlap Shirt",Attire,0,1,15.0,True,True,"20xcloth"
burlap.shoes,"Burlap Shoes",Attire,0,1,15.0,True,True,"10xcloth"
burlap.trousers,"Burlap Trousers",Attire,0,1,15.0,True,True,"20xcloth"
caboose,"Caboose",Misc,1,1,30.0,False,False,"200xmetal.fragments"
campfire,"Camp Fire",Items,0,1,30.0,True,True,"100xwood"
can.beans.empty,"Empty Can Of Beans",Resources,0,1,1.0,False,False,"20xmetal.fragments"
can.tuna.empty,"Empty Tuna Can",Resources,0,1,1.0,False,False,"16xmetal.fragments"
cannon,"Cannon",Items,1,1,30.0,True,False,"100xwood;200xmetal.fragments"
cannonball,"Cannonball",Ammunition,1,2,15.0,True,False,"50xmetal.fragments;15xgunpowder"
carburetor1,"Low Quality Carburetor",Component,1,1,10.0,True,False,"40xmetal.fragments"
carburetor2,"Medium Quality Carburetor",Component,2,1,10.0,True,False,"100xmetal.fragments"
carburetor3,"High Quality Carburetor",Component,3,1,10.0,True,False,"170xmetal.fragments"
cardtable,"Card Table",Items,0,1,30.0,False,False,"400xwood;400xmetal.fragments"
carvable.pumpkin,"Carvable Pumpkin",Items,0,1,1.0,True,False,"1xpumpkin"
cassette,"Cassette - Long",Fun,0,1,5.0,True,True,"100xmetal.fragments"
cassette.medium,"Cassette - Medium",Fun,0,3,5.0,True,True,"75xmetal.fragments"
cassette.short,"Cassette - Short",Fun,0,5,5.0,True,True,"50xmetal.fragments"
catapult,"Catapult",Weapon,2,1,30.0,True,False,"500xwood;20xmetal.refined;1xrope;1xgears"
catapult.ammo.bee,"Bee Catapult Bomb",Ammunition,2,1,10.0,True,False,"2xgrenade.bee;200xwood"
catapult.ammo.boulder,"Scattershot",Ammunition,2,1,10.0,True,False,"200xstones"
catapult.ammo.explosive,"Propane Explosive Bomb",Ammunition,2,1,10.0,True,False,"1xpropanetank;450xgunpowder;20xlowgradefuel"
catapult.ammo.incendiary,"Firebomb",Ammunition,2,1,10.0,True,False,"150xgunpowder;50xlowgradefuel;2xrope"
cctv.camera,"CCTV Camera",Resources,3,1,1.0,False,False,"3xtechparts;3xmetal.refined"
ceilinglight,"Ceiling Light",Electrical,1,1,30.0,True,False,"50xmetal.fragments"
chainsaw,"Chainsaw",Tool,2,1,30.0,True,False,"5xmetal.refined;2xgears;6xmetalblade"
chair,"Chair",Items,1,1,30.0,True,False,"50xwood;75xmetal.fragments"
chair.ejector.seat,"Salvaged Ejector Seat",Items,1,1,30.0,False,False,"50xwood;75xmetal.fragments"
chair.icethrone,"Ice Throne",Items,1,1,30.0,False,False,"50xwood;75xmetal.fragments"
charity.plushy.01,"Cancer Research UK Plushie",Items,0,1,1.0,True,False,"50xcloth"
charity.plushy.02,"Ronald McDonald House UK Plushie",Items,0,1,1.0,True,False,"50xcloth"
charity.plushy.03,"Ronald McDonald House UK 2026 Plushie",Items,0,1,1.0,True,False,"50xcloth"
charity.plushy.04,"Cancer Research UK 2026 Plushie",Items,0,1,1.0,True,False,"50xcloth"
chicken.costume,"Chicken Costume",Attire,0,1,15.0,True,False,"25xcloth;200xwood"
chickencoop,"Chicken Coop",Items,1,1,30.0,True,False,"300xwood;1xrope;75xmetal.fragments"
chineselantern,"Chinese Lantern",Items,0,1,30.0,True,False,"25xcloth;5xlowgradefuel"
chineselanternwhite,"Chinese Lantern White",Items,0,1,30.0,True,False,"25xcloth;5xlowgradefuel"
circleballoon2025,"Circle Balloon",Items,0,1,10.0,True,False,"15xcloth"
clantable,"Clan Table",Items,1,1,30.0,True,False,"200xwood;100xmetal.fragments"
clatter.helmet,"Clatter Helmet",Attire,0,1,30.0,True,False,"20xmetal.fragments"
clothing.mannequin,"#clothingmannequin",Attire,2,1,20.0,False,False,"5xtarp;2xsewingkit;8xmetal.refined"
clothing.mod.armorinsert_asbestos,"Asbestos Armor Insert",Items,2,1,30.0,True,False,"50xmetal.fragments"
clothing.mod.armorinsert_lead,"Lead Armor Insert",Items,2,1,30.0,True,False,"4xmetal.refined"
clothing.mod.armorinsert_metal,"Metal Armor Insert",Items,2,1,30.0,False,False,"5xmetal.refined"
clothing.mod.armorinsert_wood,"Wooden Armor Insert",Items,1,1,30.0,True,False,"150xwood"
coal,"Coal :(",Resources,0,1,1.0,False,False,"4xcrude.oil;50xstones"
cocoknight.armor.gloves,"Coconut Armor Gloves",Attire,0,1,20.0,False,False,"100xwood;15xcloth"
cocoknight.armor.helmet,"Coconut Armor Helmet",Attire,0,1,20.0,False,False,"15xcloth;150xwood"
cocoknight.armor.pants,"Coconut Armor Pants",Attire,0,1,20.0,False,False,"15xcloth;150xwood"
cocoknight.armor.torso,"Coconut Armor Chestplate",Attire,0,1,20.0,False,False,"20xcloth;250xwood"
coffeecan.helmet,"Coffee Can Helmet",Attire,2,1,30.0,True,False,"15xcloth;60xmetal.fragments;1xsewingkit"
coffin.storage,"Coffin",Misc,0,1,30.0,False,False,"800xwood"
compass,"Compass",Tool,0,1,30.0,True,True,"75xmetal.fragments"
component.box.ammo.large,"Ammo Storage Box",Items,0,1,30.0,False,False,"250xwood;50xmetal.fragments"
component.box.armor.large,"Armor Storage Box",Items,0,1,30.0,False,False,"250xwood;50xmetal.fragments"
component.box.charcoal.large,"Charcoal Storage Box",Items,0,1,30.0,False,False,"250xwood;50xmetal.fragments"
component.box.clothing.large,"Clothing Storage Box",Items,0,1,30.0,False,False,"250xwood;50xmetal.fragments"
component.box.comps.large,"Comps Storage Box",Items,0,1,30.0,False,False,"250xwood;50xmetal.fragments"
component.box.explosives.large,"Explosives Storage Box",Items,0,1,30.0,False,False,"250xwood;50xmetal.fragments"
component.box.food.large,"Food Storage Box",Items,0,1,30.0,False,False,"250xwood;50xmetal.fragments"
component.box.guns.large,"Guns Storage Box",Items,0,1,30.0,False,False,"250xwood;50xmetal.fragments"
component.box.meds.large,"Meds Storage Box",Items,0,1,30.0,False,False,"250xwood;50xmetal.fragments"
component.box.metal.large,"Metal Storage Box",Items,0,1,30.0,False,False,"250xwood;50xmetal.fragments"
component.box.ore.large,"Ore Storage Box",Items,0,1,30.0,False,False,"250xwood;50xmetal.fragments"
component.box.scrap.large,"Scrap Storage Box",Items,0,1,30.0,False,False,"250xwood;50xmetal.fragments"
component.box.stone.large,"Stone Storage Box",Items,0,1,30.0,False,False,"250xwood;50xmetal.fragments"
component.box.sulfur.large,"Sulfur Storage Box",Items,0,1,30.0,False,False,"250xwood;50xmetal.fragments"
component.box.tools.large,"Tools Storage Box",Items,0,1,30.0,False,False,"250xwood;50xmetal.fragments"
component.box.wood.large,"Wood Storage Box",Items,0,1,30.0,False,False,"250xwood;50xmetal.fragments"
composter,"Composter",Items,0,1,30.0,True,True,"2xtarp;200xwood"
computerstation,"Computer Station",Electrical,2,1,30.0,True,False,"5xmetal.refined;1xtargeting.computer;1xelectric.rf.broadcaster;1xelectric.rf.receiver"
concretehatchet,"Concrete Hatchet",Tool,0,1,15.0,False,False,"200xwood;100xstones"
concretepickaxe,"Concrete Pickaxe",Tool,0,1,15.0,False,False,"200xwood;100xstones"
confetticannon,"Confetti Cannon",Fun,1,1,10.0,False,False,"75xwood;5xgunpowder"
connected.speaker,"Connected Speaker",Fun,1,1,15.0,True,True,"75xmetal.fragments"
cookingworkbench,"Cooking Workbench",Items,2,1,30.0,True,False,"200xmetal.fragments;200xstones;100xwood"
crankshaft1,"Low Quality Crankshaft",Component,1,1,10.0,True,False,"25xmetal.fragments"
crankshaft2,"Medium Quality Crankshaft",Component,2,1,10.0,True,False,"70xmetal.fragments"
crankshaft3,"High Quality Crankshaft",Component,3,1,10.0,True,False,"120xmetal.fragments"
crossbow,"Crossbow",Weapon,1,1,30.0,True,True,"200xwood;75xmetal.fragments;2xrope"
crossbowbowless,"Bowless Crossbow",Weapon,1,1,30.0,False,False,"200xwood;75xmetal.fragments;2xrope"
cupboard.tool,"Tool Cupboard",Construction,0,1,30.0,True,True,"1000xwood"
cupboard.tool.retro,"Retro Tool Cupboard",Construction,0,1,30.0,False,False,"1000xwood"
cupboard.tool.shockbyte,"Shockbyte Tool Cupboard",Construction,0,1,30.0,False,False,"1000xwood"
cursedcauldron,"Cursed Cauldron",Misc,0,1,25.0,True,False,"100xwood"
dart.incapacitate,"Incapacitate Dart",Ammunition,1,2,3.0,True,False,"5xwood;1xvenom.snake"
dart.radiation,"Radiation Dart",Ammunition,1,2,3.0,True,False,"25xwood;5xmetal.fragments"
dart.scatter,"Scatter Dart",Ammunition,1,2,3.0,True,False,"25xwood;10xstones"
dart.wood,"Wood Dart",Ammunition,1,2,3.0,True,False,"25xwood"
dartboard,"Dart Board",Fun,1,1,30.0,True,False,"150xwood"
deer.skull.mask,"Bone Helmet",Attire,0,1,30.0,True,True,"15xcloth;30xbone.fragments"
discoball,"Disco Ball",Fun,1,1,15.0,True,True,"50xmetal.fragments"
discofloor,"Disco Floor",Fun,1,1,15.0,True,True,"75xmetal.fragments"
discofloor.largetiles,"Disco Floor",Fun,1,1,15.0,False,False,"75xmetal.fragments"
discord.plushie,"Wumpus Plush",Items,0,1,1.0,True,False,"50xcloth"
discord.trophy,"Discord Trophy",Items,0,1,1.0,True,False,"50xmetal.fragments"
diverhatchet,"Abyss Metal Hatchet",Tool,1,1,30.0,False,False,"100xwood;75xmetal.fragments"
diverpickaxe,"Abyss Metal Pickaxe",Tool,1,1,30.0,False,False,"100xwood;125xmetal.fragments"
divertorch,"Abyss Torch",Tool,0,1,30.0,False,False,"30xwood;1xcloth;1xlowgradefuel"
diving.fins,"Diving Fins",Attire,0,1,1.0,False,False,"100xmetal.fragments"
diving.mask,"Diving Mask",Attire,0,1,1.0,False,False,"70xmetal.fragments"
diving.tank,"Diving Tank",Attire,0,1,1.0,False,False,"6xmetal.refined;100xmetal.fragments"
diving.tank.double,"Double Diving Tank",Attire,0,1,1.0,False,False,"12xmetal.refined;200xmetal.fragments"
diving.wetsuit,"Wetsuit",Attire,0,1,1.0,False,False,"75xmetal.fragments"
door.closer,"Door Closer",Construction,0,1,15.0,False,False,"50xmetal.fragments;1xmetalspring"
door.double.hinged.bardoors,"Wooden Frontier Bar Doors",Construction,0,1,30.0,True,False,"200xwood"
door.double.hinged.metal,"Sheet Metal Double Door",Construction,0,1,30.0,True,True,"200xmetal.fragments"
door.double.hinged.toptier,"Armored Double Door",Construction,3,1,30.0,True,False,"25xmetal.refined;5xgears"
door.double.hinged.wood,"Wood Double Door",Construction,0,1,30.0,True,True,"350xwood"
door.hinged.boat.wood,"Wooden Boat Door",Construction,0,1,30.0,False,False,"300xwood"
door.hinged.industrial.a,"Industrial Door",Construction,0,1,30.0,False,False,"150xmetal.fragments"
door.hinged.metal,"Sheet Metal Door",Construction,0,1,30.0,True,True,"150xmetal.fragments"
door.hinged.toptier,"Armored Door",Construction,3,1,30.0,True,False,"20xmetal.refined;5xgears"
door.hinged.wood,"Wooden Door",Construction,0,1,30.0,True,True,"300xwood"
door.key,"Door Key",Misc,0,1,0.1,False,False,"25xwood"
draculacape,"Dracula Cape",Attire,1,1,30.0,True,False,"50xcloth;2xsewingkit"
draculamask,"Dracula Mask",Attire,0,1,30.0,True,False,"10xcloth"
dragondoorknocker,"Dragon Door Knocker",Items,0,1,30.0,True,False,"20xmetal.fragments"
drone,"Drone",Items,2,1,30.0,True,False,"200xmetal.fragments;1xcctv.camera"
dropbox,"Drop Box",Items,1,1,30.0,True,False,"200xmetal.fragments"
drumkit,"Junkyard Drum Kit",Fun,1,1,30.0,True,True,"200xwood;100xmetal.fragments"
ducttape,"Duct Tape",Component,3,1,1.0,False,False,"1xglue;5xcloth"
easel,"Portable Easel",Items,0,1,10.0,True,False,"100xwood"
easterbasket,"Egg Basket",Misc,0,1,1.0,False,False,"100xmetal.fragments"
easterdoorwreath,"Easter Door Wreath",Items,0,1,30.0,True,False,"20xcloth"
electric.andswitch,"AND Switch",Electrical,2,1,30.0,True,False,"100xmetal.fragments"
electric.audioalarm,"Audio Alarm",Electrical,1,1,30.0,True,False,"75xmetal.fragments"
electric.battery.rechargable.large,"Large Rechargeable Battery",Electrical,2,1,30.0,True,False,"10xmetal.refined;2xtechparts"
electric.battery.rechargable.medium,"Medium Rechargeable Battery",Electrical,2,1,30.0,True,False,"5xmetal.refined;1xtechparts"
electric.battery.rechargable.small,"Small Rechargeable Battery",Electrical,1,1,30.0,True,False,"5xmetal.refined"
electric.blocker,"Blocker",Electrical,1,1,30.0,True,False,"75xmetal.fragments"
electric.bulbstringlights,"Bulb String Lights",Electrical,0,10,10.0,True,False,"50xmetal.fragments"
electric.button,"Button",Electrical,1,1,30.0,True,False,"75xmetal.fragments"
electric.cabletunnel,"Cable Tunnel",Electrical,3,1,30.0,False,False,"10xmetal.refined"
electric.chandelier,"Chandelier",Electrical,1,1,30.0,True,False,"100xmetal.fragments"
electric.counter,"Counter",Electrical,2,1,30.0,True,False,"75xmetal.fragments"
electric.digitalclock,"Digital Clock",Electrical,2,1,30.0,True,False,"100xmetal.fragments"
electric.doorcontroller,"Door Controller",Electrical,1,1,30.0,True,False,"75xmetal.fragments"
electric.fairylights,"Fairy Lights",Electrical,1,10,10.0,True,False,"50xmetal.fragments"
electric.flasherlight,"Flasher Light",Electrical,1,1,30.0,True,False,"120xmetal.fragments"
electric.fluorescentlight,"Fluorescent Light",Electrical,1,1,30.0,True,False,"50xmetal.fragments"
electric.fluorescentlight.ceiling,"Ceiling Fluorescent Light",Electrical,1,1,30.0,False,False,"50xmetal.fragments"
electric.fuelgenerator.small,"Small Generator",Electrical,2,1,30.0,True,False,"5xmetal.refined;2xgears"
electric.furnace,"Electric Furnace",Electrical,2,1,30.0,True,False,"5xmetal.refined;200xmetal.fragments"
electric.generator.small,"Test Generator",Electrical,2,1,30.0,False,False,"25xmetal.refined;4xgears;2xmetalpipe;4xfuse"
electric.hbhfsensor,"HBHF Sensor",Electrical,2,1,30.0,True,False,"75xmetal.fragments"
electric.heater,"Electric Heater",Electrical,1,1,30.0,True,False,"200xmetal.fragments"
electric.igniter,"Igniter",Electrical,0,1,30.0,True,False,"75xmetal.fragments"
electric.laserdetector,"Laser Detector",Electrical,2,1,30.0,True,False,"75xmetal.fragments"
electric.orswitch,"OR Switch",Electrical,1,1,30.0,True,False,"100xmetal.fragments"
electric.pressurepad,"Pressure Pad",Electrical,1,1,30.0,True,False,"150xwood;1xmetalspring;1xgears"
electric.random.switch,"RAND Switch",Electrical,2,1,30.0,True,False,"75xmetal.fragments"
electric.rf.broadcaster,"RF Broadcaster",Electrical,2,1,30.0,True,False,"150xmetal.fragments"
electric.rf.receiver,"RF Receiver",Electrical,2,1,30.0,True,False,"150xmetal.fragments"
electric.seismicsensor,"Seismic Sensor",Electrical,2,1,30.0,True,False,"3xmetal.refined;1xtechparts"
electric.simplelight,"Simple Light",Electrical,0,1,30.0,False,False,"100xwood;25xmetal.fragments"
electric.sirenlight,"Siren Light",Electrical,1,1,30.0,True,False,"120xmetal.fragments"
electric.solarpanel.large,"Large Solar Panel",Electrical,1,1,30.0,True,False,"5xmetal.refined;1xtechparts"
electric.splitter,"Splitter",Electrical,1,1,30.0,True,False,"100xmetal.fragments"
electric.spotlight,"Spot Light",Electrical,1,1,30.0,True,False,"50xmetal.fragments"
electric.spotlight.tripod,"Tripod Spot Light",Electrical,1,1,30.0,True,False,"50xmetal.fragments"
electric.sprinkler,"Sprinkler",Electrical,1,1,30.0,True,False,"75xmetal.fragments"
electric.switch,"Switch",Electrical,1,1,30.0,True,False,"100xmetal.fragments"
electric.tablelight,"Electric Table Lamp",Electrical,1,1,30.0,True,False,"50xmetal.fragments"
electric.teslacoil,"Tesla Coil",Electrical,2,1,30.0,True,False,"3xmetal.refined;1xtechparts"
electric.timer,"Timer",Electrical,1,1,30.0,True,False,"75xmetal.fragments"
electric.wallcabinet,"Wall Cabinet",Items,1,1,30.0,True,True,"250xwood;50xmetal.fragments"
electric.xorswitch,"XOR Switch",Electrical,1,1,30.0,True,False,"100xmetal.fragments"
electrical.branch,"Electrical Branch",Electrical,1,1,30.0,True,False,"75xmetal.fragments"
electrical.combiner,"Root Combiner",Electrical,1,1,30.0,True,False,"75xmetal.fragments"
electrical.memorycell,"Memory Cell",Electrical,2,1,30.0,True,False,"75xmetal.fragments"
elevator,"Elevator",Electrical,2,1,30.0,True,False,"3xmetal.refined;200xmetal.fragments;1xgears"
explosive.satchel,"Satchel Charge",Tool,1,1,5.0,True,False,"4xgrenade.beancan;1xstash.small;1xrope"
explosive.timed,"Timed Explosive Charge",Tool,3,1,30.0,True,False,"20xexplosives;5xcloth;2xtechparts"
explosives,"Explosives",Resources,3,1,5.0,True,False,"50xgunpowder;3xlowgradefuel;10xsulfur;10xmetal.fragments"
factorydoor,"Factory Door",Construction,0,1,30.0,False,False,"150xmetal.fragments"
fireplace.stone,"Stone Fireplace",Items,0,1,30.0,True,False,"500xstones;200xwood"
firework.boomer.blue,"Blue Boomer",Fun,0,1,10.0,True,False,"25xmetal.fragments;30xgunpowder;15xlowgradefuel"
firework.boomer.champagne,"Champagne Boomer",Fun,0,1,10.0,True,False,"30xmetal.fragments;75xgunpowder;30xlowgradefuel"
firework.boomer.green,"Green Boomer",Fun,0,1,10.0,True,False,"25xmetal.fragments;30xgunpowder;15xlowgradefuel"
firework.boomer.orange,"Orange Boomer",Fun,0,1,10.0,True,False,"25xmetal.fragments;30xgunpowder;15xlowgradefuel"
firework.boomer.pattern,"Pattern Boomer",Fun,0,1,10.0,True,False,"50xmetal.fragments;30xgunpowder;15xlowgradefuel"
firework.boomer.red,"Red Boomer",Fun,0,1,10.0,True,False,"25xmetal.fragments;30xgunpowder;15xlowgradefuel"
firework.boomer.violet,"Violet Boomer",Fun,0,1,10.0,True,False,"25xmetal.fragments;30xgunpowder;15xlowgradefuel"
firework.romancandle.blue,"Blue Roman Candle",Fun,0,1,60.0,True,False,"25xmetal.fragments;10xlowgradefuel"
firework.romancandle.green,"Green Roman Candle",Fun,0,1,60.0,True,False,"25xmetal.fragments;10xlowgradefuel"
firework.romancandle.red,"Red Roman Candle",Fun,0,1,60.0,True,False,"25xmetal.fragments;10xlowgradefuel"
firework.romancandle.violet,"Violet Roman Candle",Fun,0,1,60.0,True,False,"25xmetal.fragments;10xlowgradefuel"
firework.volcano,"White Volcano Firework",Fun,0,1,10.0,True,False,"20xmetal.fragments;15xgunpowder"
firework.volcano.red,"Red Volcano Firework",Fun,0,1,10.0,True,False,"20xmetal.fragments;15xgunpowder"
firework.volcano.violet,"Violet Volcano Firework",Fun,0,1,10.0,True,False,"20xmetal.fragments;15xgunpowder"
fishingrod.handmade,"Handmade Fishing Rod",Tool,0,1,10.0,True,True,"2xrope;200xwood"
fishtrap.small,"Survival Fish Trap",Items,0,1,30.0,True,True,"200xwood;5xcloth"
fishtrophy,"Fish Trophy",Items,0,1,20.0,True,False,"75xwood"
flamethrower,"Flame Thrower",Weapon,2,1,40.0,True,False,"15xmetal.refined;6xmetalpipe;100xlowgradefuel;2xpropanetank"
flameturret,"Flame Turret",Traps,1,1,30.0,True,False,"200xmetal.fragments;2xpropanetank;1xgears"
flare,"Flare",Tool,1,1,1.0,True,False,"10xgunpowder;10xmetal.fragments"
flashlight.held,"Flashlight",Tool,1,1,30.0,True,True,"30xmetal.fragments"
floor.grill,"Floor grill",Construction,1,1,30.0,True,False,"75xmetal.fragments"
floor.ladder.hatch,"Ladder Hatch",Construction,2,1,30.0,True,False,"1xladder.wooden.wall;300xmetal.fragments;3xgears"
floor.ladder.hatch.toptier,"Armored Ladder Hatch",Construction,3,1,30.0,True,False,"1xladder.wooden.wall;35xmetal.refined;6xgears"
floor.triangle.grill,"Floor triangle grill",Construction,1,1,30.0,True,False,"75xmetal.fragments"
floor.triangle.ladder.hatch,"Triangle Ladder Hatch",Construction,2,1,30.0,True,False,"1xladder.wooden.wall;300xmetal.fragments;3xgears"
floor.triangle.ladder.hatch.toptier,"Armored Triangle Ladder Hatch",Construction,3,1,30.0,True,False,"1xladder.wooden.wall;35xmetal.refined;6xgears"
fluid.combiner,"Fluid Combiner",Electrical,1,1,30.0,True,False,"75xmetal.fragments"
fluid.splitter,"Fluid Splitter",Electrical,1,1,30.0,True,False,"75xmetal.fragments"
fluid.switch,"Fluid Switch & Pump",Electrical,1,1,30.0,True,False,"150xmetal.fragments"
fogmachine,"Fogger-3000",Misc,0,1,15.0,True,False,"100xmetal.fragments;30xlowgradefuel;1xmetalpipe"
frankensteinmask,"Frankenstein Mask",Attire,0,1,30.0,False,False,"10xcloth"
frankensteins.monster.01.head,"Light Frankenstein Head",Attire,0,1,1.0,False,False,"3xhumanmeat.raw;10xfat.animal;20xbone.fragments"
frankensteins.monster.01.legs,"Light Frankenstein Legs",Attire,0,1,1.0,False,False,"3xhumanmeat.raw;10xfat.animal;20xbone.fragments"
frankensteins.monster.01.torso,"Light Frankenstein Torso",Attire,0,1,1.0,False,False,"3xhumanmeat.raw;10xfat.animal;20xbone.fragments"
frankensteins.monster.02.head,"Medium Frankenstein Head",Attire,0,1,1.0,False,False,"3xhumanmeat.raw;10xfat.animal;20xbone.fragments"
frankensteins.monster.02.legs,"Medium Frankenstein Legs",Attire,0,1,1.0,False,False,"3xhumanmeat.raw;10xfat.animal;20xbone.fragments"
frankensteins.monster.02.torso,"Medium Frankenstein Torso",Attire,0,1,1.0,False,False,"3xhumanmeat.raw;10xfat.animal;20xbone.fragments"
frankensteins.monster.03.head,"Heavy Frankenstein Head",Attire,0,1,1.0,False,False,"6xhumanmeat.raw;15xfat.animal;30xbone.fragments"
frankensteins.monster.03.legs,"Heavy Frankenstein Legs",Attire,0,1,1.0,False,False,"6xhumanmeat.raw;15xfat.animal;30xbone.fragments"
frankensteins.monster.03.torso,"Heavy Frankenstein Torso",Attire,0,1,1.0,False,False,"6xhumanmeat.raw;15xfat.animal;30xbone.fragments"
frankensteintable,"Frankenstein Table",Items,1,1,15.0,False,False,"200xmetal.fragments"
fridge,"Fridge",Electrical,1,1,30.0,True,False,"150xmetal.fragments"
frontier_hatchet,"Frontier Hatchet",Tool,1,1,30.0,False,False,"100xwood;75xmetal.fragments"
frontiermirror.large,"Frontier Mirror Large",Items,0,1,30.0,False,False,"200xmetal.fragments"
frontiermirror.medium,"Frontier Mirror Medium",Items,0,1,30.0,False,False,"200xmetal.fragments"
frontiermirror.small,"Frontier Mirror Small",Items,0,1,30.0,False,False,"200xmetal.fragments"
frontiermirror.standing,"Frontier Mirror Standing",Items,0,1,30.0,False,False,"200xmetal.fragments"
fun.bass,"Shovel Bass",Fun,0,1,20.0,True,True,"50xwood;75xmetal.fragments"
fun.boomboxportable,"Portable Boom Box",Fun,1,1,15.0,True,True,"120xmetal.fragments"
fun.casetterecorder,"Cassette Recorder",Fun,1,1,15.0,True,True,"75xmetal.fragments"
fun.cowbell,"Cowbell",Fun,0,1,20.0,True,True,"35xmetal.fragments"
fun.flute,"Pan Flute",Fun,0,1,20.0,True,True,"20xmetal.fragments;5xcloth"
fun.guitar,"Acoustic Guitar",Fun,0,1,20.0,True,False,"100xwood;10xcloth"
fun.jerrycanguitar,"Jerry Can Guitar",Fun,0,1,20.0,True,True,"25xwood;50xmetal.fragments"
fun.tambourine,"Canbourine",Fun,0,1,20.0,True,True,"25xmetal.fragments"
fun.trumpet,"Plumber's Trumpet",Fun,0,1,20.0,True,True,"75xmetal.fragments"
fun.tuba,"Sousaphone",Fun,0,1,20.0,True,True,"100xmetal.fragments"
furnace,"Furnace",Items,0,1,30.0,True,True,"200xstones;100xwood;50xlowgradefuel"
furnace.large,"Large Furnace",Items,2,1,40.0,True,False,"500xstones;600xwood;75xlowgradefuel"
fuse,"Electric Fuse",Component,3,1,1.0,False,False,"50xscrap"
fuse.highgrade,"Heavy Fuse",Component,3,1,1.0,False,False,"50xscrap"
gamesroom.minifridge,"Bar Games Minifridge",Electrical,1,1,15.0,False,False,"50xmetal.fragments"
gamesroom.shotgun.trap,"Bar Games Shotgun Trap",Traps,1,1,30.0,False,False,"500xwood;250xmetal.fragments;2xgears;2xrope"
gates.external.high.adobe,"High External Adobe Gate",Construction,2,1,35.0,False,False,"3000xstones;5xgears"
gates.external.high.legacy,"High External Legacy Gate",Construction,1,1,35.0,False,False,"3000xwood;2xgears"
gates.external.high.stone,"High External Stone Gate",Construction,2,1,35.0,True,False,"3000xstones;5xgears"
gates.external.high.wood,"High External Wooden Gate",Construction,1,1,35.0,True,False,"3000xwood;2xgears"
gears,"Gears",Component,3,1,1.0,True,False,"25xmetal.fragments;100xscrap"
geiger.counter,"Geiger Counter",Tool,1,1,30.0,False,False,"30xmetal.fragments"
generator.water,"Water Wheel",Electrical,1,1,30.0,True,False,"500xwood;2xgears;1xsheetmetal"
generator.wind.scrap,"Wind Turbine",Electrical,2,1,30.0,True,False,"500xwood;10xmetal.refined;3xgears;3xsheetmetal"
ghostsheet,"Ghost Costume",Attire,0,1,30.0,False,False,"100xcloth;2xsewingkit"
giantcandycanedecor,"Giant Candy Decor",Misc,0,1,30.0,True,False,"30xcloth"
giantlollipops,"Giant Lollipop Decor",Misc,0,1,30.0,True,False,"20xcloth"
goldframe.large,"Ornate Frame large",Items,0,1,30.0,True,False,"150xwood"
goldframe.medium,"Ornate Frame Medium",Items,0,1,30.0,False,False,"150xwood"
goldframe.small,"Ornate Frame Small",Items,0,1,30.0,True,False,"150xwood"
goldframe.standing,"Ornate Frame Standing",Items,0,1,30.0,True,False,"150xwood"
goldframe.xl,"Ornate Frame XL",Items,0,1,30.0,True,False,"150xwood"
goldframe.xxl,"Ornate Frame XXL",Items,0,1,30.0,True,False,"150xwood"
goldmirror.large,"Gold Mirror large",Items,0,1,30.0,False,False,"150xwood"
goldmirror.medium,"Gold Mirror Medium",Items,0,1,30.0,False,False,"150xwood"
goldmirror.small,"Gold Mirror Small",Items,0,1,30.0,False,False,"150xwood"
goldmirror.standing,"Gold Mirror Standing",Items,0,1,30.0,False,False,"150xwood"
gravestone,"Gravestone",Misc,0,1,30.0,False,False,"400xwood"
grenade.beancan,"Beancan Grenade",Weapon,1,1,10.0,True,False,"60xgunpowder;20xmetal.fragments"
grenade.bee,"Bee Grenade",Weapon,1,1,10.0,True,False,"1xnucleus;30xcloth"
grenade.f1,"F1 Grenade",Weapon,2,1,10.0,True,False,"30xgunpowder;25xmetal.fragments"
grenade.flashbang,"Flashbang",Weapon,2,1,10.0,True,False,"25xgunpowder;50xmetal.fragments"
grenade.molotov,"Molotov Cocktail",Weapon,2,1,10.0,True,False,"10xcloth;50xlowgradefuel"
grenade.smoke,"Smoke Grenade",Tool,2,1,10.0,True,False,"35xgunpowder;50xmetal.fragments"
gun.water,"Water Gun",Weapon,0,1,30.0,True,True,"125xmetal.fragments"
gunpowder,"Gun Powder",Resources,1,10,2.0,True,True,"30xcharcoal;20xsulfur"
gunrack.horizontal,"Horizontal Weapon Rack",Items,1,1,30.0,True,False,"100xwood;120xmetal.fragments"
gunrack.single.1.horizontal,"Frontier Bolts Single Item Rack",Items,1,1,30.0,True,False,"50xwood;20xmetal.fragments"
gunrack.single.2.horizontal,"Frontier Horseshoe Single Item Rack",Items,1,1,30.0,True,False,"75xmetal.fragments"
gunrack.single.3.horizontal,"Frontier Horns Single Item Rack",Items,1,1,30.0,True,False,"30xbone.fragments"
gunrack_stand,"Weapon Rack Stand",Items,0,1,30.0,True,False,"200xwood;75xmetal.fragments"
gunrack_tall.horizontal,"Tall Weapon Rack",Items,1,1,30.0,True,False,"100xwood;175xmetal.fragments"
gunrack_wide.horizontal,"Wide Weapon Rack",Items,1,1,30.0,True,False,"100xwood;175xmetal.fragments"
guntrap,"Shotgun Trap",Traps,1,1,30.0,True,False,"500xwood;250xmetal.fragments;2xgears;2xrope"
hab,"Hot Air Balloon",Misc,0,1,30.0,False,False,"200xcloth"
hab.armor,"Hot Air Balloon Armor",Attire,1,1,30.0,True,False,"200xmetal.fragments"
half.bamboo.shelves,"Half Height Bamboo Shelves",Items,0,1,10.0,True,False,"40xmetal.fragments"
halfheight.industrial.shelves,"Half Height Industrial Shelves",Items,0,1,10.0,True,False,"40xmetal.fragments"
halloween.surgeonsuit,"Surgeon Scrubs",Attire,0,1,1.0,True,False,"60xcloth;2xsewingkit"
hammer,"Hammer",Tool,0,1,15.0,True,True,"100xwood"
hammer.salvaged,"Salvaged Hammer",Tool,1,1,30.0,True,False,"1xmetalpipe;50xmetal.fragments"
handcuffs,"Handcuffs",Tool,2,1,15.0,True,False,"70xmetal.fragments"
hat.beenie,"Beenie Hat",Attire,0,1,30.0,True,False,"15xcloth"
hat.boonie,"Boonie Hat",Attire,0,1,30.0,True,False,"10xcloth"
hat.bunnyhat,"Bunny Hat",Attire,0,1,5.0,True,False,"10xcloth"
hat.candle,"Candle Hat",Attire,0,1,30.0,True,True,"15xcloth;5xlowgradefuel"
hat.candle.birthday,"Birthday Candle Hat",Attire,0,1,30.0,False,False,"15xcloth;5xlowgradefuel"
hat.cap,"Baseball Cap",Attire,0,1,30.0,True,False,"5xcloth"
hat.dragonmask,"Dragon Mask",Attire,1,1,5.0,False,False,"10xcloth;1xskull.wolf"
hat.gas.mask,"Gas Mask",Attire,1,1,30.0,False,False,"20xmetal.fragments"
hat.horsemask,"Horse Mask",Attire,1,1,5.0,False,False,"10xcloth;1xskull.wolf"
hat.miner,"Miners Hat",Attire,1,1,30.0,True,False,"15xcloth;10xlowgradefuel;50xmetal.fragments"
hat.oxmask,"Ox Mask",Attire,1,1,5.0,False,False,"10xcloth;1xskull.wolf"
hat.rabbitmask,"Rabbit Mask",Attire,1,1,5.0,False,False,"10xcloth;1xskull.wolf"
hat.ratmask,"Rat Mask",Attire,1,1,5.0,False,False,"10xcloth;1xskull.wolf"
hat.snakemask,"Snake mask",Attire,1,1,5.0,False,False,"10xcloth;1xskull.wolf"
hat.tigermask,"Tiger Mask",Attire,1,1,5.0,False,False,"10xcloth;1xskull.wolf"
hat.wellipets,"Wellipets Hat",Attire,0,1,5.0,True,True,"10xcloth"
hat.wolf,"Wolf Headdress",Attire,1,1,30.0,True,True,"10xcloth;1xskull.wolf"
hatchet,"Hatchet",Tool,1,1,30.0,True,False,"100xwood;75xmetal.fragments"
hazmat.krieg,"Krieg Hazmat",Attire,2,1,20.0,False,False,"5xtarp;2xsewingkit;8xmetal.refined"
hazmat.plushy,"Hazmat Plushy",Items,0,1,1.0,True,False,"50xcloth"
hazmatsuit,"Hazmat Suit",Attire,2,1,20.0,True,False,"5xtarp;2xsewingkit;8xmetal.refined"
hazmatsuit.arcticsuit,"Arctic Suit",Attire,2,1,20.0,False,False,"5xtarp;2xsewingkit;8xmetal.refined"
hazmatsuit.diver,"Abyss Hazmat",Attire,2,1,20.0,False,False,"5xtarp;2xsewingkit;8xmetal.refined"
hazmatsuit.frontier,"Frontier Suit",Attire,2,1,20.0,False,False,"5xtarp;2xsewingkit;8xmetal.refined"
hazmatsuit.kick,"Kick Hazmat",Attire,2,1,20.0,False,False,"5xtarp;2xsewingkit;8xmetal.refined"
hazmatsuit.lumberjack,"Lumberjack Suit",Attire,2,1,20.0,False,False,"5xtarp;2xsewingkit;8xmetal.refined"
hazmatsuit.nomadsuit,"Nomad Suit",Attire,2,1,20.0,False,False,"5xtarp;2xsewingkit;8xmetal.refined"
hazmatsuit.pilot,"Pilot Hazmat",Attire,2,1,20.0,False,False,"5xtarp;2xsewingkit;8xmetal.refined"
hazmatsuit.spacesuit,"Space Suit",Attire,2,1,20.0,False,False,"5xtarp;2xsewingkit;8xmetal.refined"
hazmatsuit_scientist,"Scientist Suit",Attire,0,1,1.0,False,False,"5xtarp;2xsewingkit;8xmetal.refined"
hazmatsuit_scientist_arctic,"Arctic Scientist Suit",Attire,0,1,1.0,False,False,"5xtarp;2xsewingkit;8xmetal.refined"
hazmatsuit_scientist_naval,"Naval Scientist Suit",Attire,0,1,1.0,False,False,"5xtarp;2xsewingkit;8xmetal.refined"
hazmatsuit_scientist_nvgm,"NVGM Scientist Suit",Attire,0,1,1.0,False,False,"5xtarp;2xsewingkit;8xmetal.refined"
hazmatsuit_scientist_peacekeeper,"Scientist Suit",Attire,0,1,1.0,False,False,"5xtarp;2xsewingkit;8xmetal.refined"
hazmatsuittwitch,"Twitch Rivals Hazmat Suit",Attire,2,1,20.0,False,False,"5xtarp;2xsewingkit;8xmetal.refined"
hazmatyoutooz,"Hazmat Youtooz",Items,0,1,10.0,True,False,"50xmetal.fragments"
heartballoon2025,"Heart Balloon",Items,0,1,10.0,True,False,"15xcloth"
heavy.plate.helmet,"Heavy Plate Helmet",Attire,2,1,45.0,True,False,"1xsheetmetal;4xmetal.refined"
heavy.plate.jacket,"Heavy Plate Jacket",Attire,2,1,45.0,True,False,"2xsheetmetal;4xmetal.refined"
heavy.plate.pants,"Heavy Plate Pants",Attire,2,1,45.0,True,False,"1xsheetmetal;4xmetal.refined"
heavy.scientist.plushie,"Heavy Scientist Plushie",Items,0,1,1.0,True,False,"50xcloth"
heavyscientistyoutooz,"Heavy Scientist Youtooz",Items,0,1,10.0,True,False,"50xmetal.fragments"
hitchtroughcombo,"Hitch & Trough",Items,0,1,30.0,True,True,"200xwood"
hmlmg,"HMLMG",Weapon,3,1,30.0,True,False,"60xmetal.refined;1xriflebody;3xmetalspring;2xgears"
hobobarrel,"Hobo Barrel",Items,0,1,30.0,True,False,"100xwood"
homingmissile.launcher,"Homing Missile Launcher",Weapon,2,1,30.0,True,False,"20xmetal.refined;3xmetalpipe;1xtechparts;1xcctv.camera"
hoodie,"Hoodie",Attire,2,1,30.0,True,False,"40xcloth;1xsewingkit"
hopper,"Hopper",Electrical,1,1,30.0,True,False,"200xmetal.fragments;1xgears"
horse,"Horse",Misc,0,1,30.0,False,False,"1000xmetal.fragments"
horse.armor.lny26,"Lunar New Year Horse Armor",Attire,2,1,30.0,False,False,"4xroadsigns;2xsewingkit"
horse.armor.roadsign,"Roadsign Horse Armor",Attire,2,1,30.0,True,False,"4xroadsigns;2xsewingkit"
horse.armor.wood,"Wooden Horse Armor",Attire,1,1,30.0,True,True,"2xrope;300xwood"
horse.costume,"Horse Costume",Attire,0,1,15.0,True,False,"25xcloth;200xwood"
horse.saddle,"Horse Saddle",Attire,1,1,30.0,False,False,"50xleather"
horse.saddle.double,"Double Horse Saddle",Attire,1,1,30.0,False,False,"5xroadsigns;3xsewingkit"
horse.saddle.single,"Single Horse Saddle",Attire,1,1,30.0,False,False,"4xroadsigns;2xsewingkit"
horse.saddlebag,"Saddle bag",Attire,1,1,30.0,True,True,"20xleather"
horse.shoes.advanced,"High Quality Horse Shoes",Attire,2,1,30.0,True,False,"4xmetal.refined"
horse.shoes.basic,"Basic Horse Shoes",Attire,1,1,30.0,True,True,"50xmetal.fragments"
hosetool,"Hose Tool",Electrical,1,1,1.0,True,True,"2xmetal.refined"
huntingtrophylarge,"Large Hunting Trophy",Items,0,1,20.0,True,False,"150xwood"
huntingtrophysmall,"Small Hunting Trophy",Items,0,1,20.0,True,False,"100xwood"
icepick.salvaged,"Salvaged Icepick",Tool,2,1,30.0,True,False,"1xmetalpipe;5xmetalblade"
improvised.shield,"Improvised Shield",Attire,2,1,15.0,False,False,"300xmetal.fragments;10xleather;50xcloth"
industrial.autoturret,"Industrial Auto Turret",Electrical,2,1,45.0,False,False,"1xtargeting.computer;1xcctv.camera;25xmetal.refined"
industrial.combiner,"Industrial Combiner",Electrical,1,1,30.0,True,False,"75xmetal.fragments"
industrial.conveyor,"Industrial Conveyor",Electrical,1,1,30.0,True,False,"75xmetal.fragments"
industrial.crafter,"Industrial Crafter",Electrical,2,1,30.0,True,False,"3xmetal.refined;2xtechparts"
industrial.electric.furnace,"Industrial Electric Furnace",Electrical,2,1,30.0,False,False,"5xmetal.refined;200xmetal.fragments"
industrial.furnace.large,"Large Industrial Furnace",Items,2,1,40.0,False,False,"500xstones;600xwood;75xlowgradefuel"
industrial.garagedoor,"Industrial Garage Door",Construction,2,1,30.0,False,False,"300xmetal.fragments;2xgears"
industrial.splitter,"Industrial Splitter",Electrical,1,1,30.0,True,False,"75xmetal.fragments"
industrial.storage.horizontal,"Industrial Storage Horizontal Barrel",Items,0,1,30.0,True,False,"300xwood;75xmetal.fragments"
industrial.storage.vertical,"Industrial Storage Vertical Barrel",Items,0,1,30.0,True,False,"300xwood;75xmetal.fragments"
industrial.torch,"Industrial Torch",Tool,0,1,30.0,False,True,"30xwood;1xcloth;1xlowgradefuel"
industrial.wall.light,"Industrial Wall Light",Electrical,1,1,30.0,True,False,"30xmetal.fragments"
industrial.wall.light.blue,"Blue Industrial Wall Light",Electrical,1,1,30.0,False,False,"30xmetal.fragments"
industrial.wall.light.green,"Green Industrial Wall Light",Electrical,1,1,30.0,False,False,"30xmetal.fragments"
industrial.wall.light.red,"Red Industrial Wall Light",Electrical,1,1,30.0,False,False,"30xmetal.fragments"
innertube,"Inner Tube",Fun,1,1,30.0,True,True,"75xmetal.fragments;1xtarp"
innertube.horse,"Inner Tube",Fun,1,1,30.0,False,False,"75xmetal.fragments;1xtarp"
innertube.unicorn,"Inner Tube",Fun,1,1,30.0,False,False,"75xmetal.fragments;1xtarp"
iotable,"Engineering Workbench",Items,1,1,30.0,True,False,"500xwood;100xmetal.fragments"
jacket,"Jacket",Attire,1,1,30.0,True,False,"50xcloth;2xsewingkit"
jacket.snow,"Snow Jacket",Attire,1,1,30.0,True,False,"60xcloth;1xsewingkit"
jackhammer,"Jackhammer",Tool,2,1,60.0,False,False,"1xmetalpipe;5xmetalblade"
jackolantern.angry,"Jack O Lantern Angry",Items,0,1,20.0,True,False,"2xpumpkin"
jackolantern.happy,"Jack O Lantern Happy",Items,0,1,20.0,True,False,"2xpumpkin"
jukebox,"Jukebox",Fun,1,1,15.0,True,True,"200xwood;100xmetal.fragments;20xcloth"
jumpsuit.suit,"Jumpsuit",Attire,4,1,15.0,False,False,"50xcloth"
jumpsuit.suit.blue,"Blue Jumpsuit",Attire,4,1,15.0,False,False,"50xcloth"
jumpsuit.waterwellnpc,"Waterwell NPC Jumpsuit",Attire,4,1,15.0,False,False,"50xcloth"
jungle.rock,"Jungle Rock",Tool,0,1,5.0,False,False,"10xstones"
kayak,"Kayak",Items,1,1,30.0,True,False,"75xmetal.fragments;200xwood;50xcloth"
knife.bone,"Bone Knife",Weapon,0,1,30.0,True,True,"30xbone.fragments"
knife.bone.obsidian,"Obsidian Bone Knife",Weapon,0,1,30.0,False,False,"30xbone.fragments"
knife.butcher,"Butcher Knife",Weapon,0,1,30.0,False,False,"50xmetal.fragments"
knife.combat,"Combat Knife",Weapon,1,1,15.0,True,False,"25xmetal.fragments;1xmetal.refined"
knife.skinning,"Skinning Knife",Weapon,1,1,30.0,True,False,"75xmetal.fragments"
knightsarmour.helmet,"Knights armour helmet",Attire,2,1,30.0,False,True,"15xcloth;60xmetal.fragments;1xsewingkit"
knightsarmour.skirt,"Knights armour skirt plates",Attire,2,1,30.0,False,False,"10xleather;1xroadsigns;2xsewingkit"
knighttorso.armour,"Knights armour cuirass",Attire,2,1,30.0,False,False,"20xleather;2xroadsigns;2xsewingkit"
krieg.chainsword,"Krieg chainsword",Tool,2,1,30.0,False,False,"5xmetal.refined;2xgears;6xmetalblade"
krieg.shotgun,"Krieg Shotgun",Weapon,2,1,40.0,False,False,"15xmetal.refined;2xmetalpipe;1xmetalspring"
krieg.storage.horizontal,"Krieg Storage Crates",Items,0,1,30.0,True,False,"300xwood;75xmetal.fragments"
krieg.storage.vertical,"Krieg Storage Barrel",Items,0,1,30.0,True,False,"300xwood;75xmetal.fragments"
kriegbackpack,"Krieg Large Backpack",Attire,3,1,1.0,False,False,"100xcloth;4xmetal.refined"
ladder.wooden.boat,"Wooden Boat Ladder",Construction,0,1,30.0,False,False,"300xwood;3xrope"
ladder.wooden.wall,"Wooden Ladder",Construction,1,1,30.0,True,False,"300xwood;3xrope"
lantern,"Lantern",Items,0,1,20.0,True,True,"25xmetal.fragments;15xlowgradefuel"
largebackpack,"Large Backpack",Attire,3,1,1.0,False,False,"100xcloth;4xmetal.refined"
largecandles,"Large Candle Set",Misc,0,1,15.0,True,False,"20xfat.animal;10xcloth"
largemedkit,"Large Medkit",Medical,2,1,15.0,True,False,"2xsyringe.medical;10xlowgradefuel"
laserlight,"Laser Light",Fun,1,1,15.0,True,True,"100xmetal.fragments"
latexballoon2025,"Latex Balloon",Items,0,1,10.0,True,False,"15xcloth"
latexclumpballoon2025,"Clump of Latex Balloons",Items,0,1,10.0,True,False,"15xcloth"
legacy bow,"Legacy Bow",Weapon,0,1,30.0,False,False,"200xwood;50xcloth"
legacy.shelter.wood,"Legacy Wood Shelter",Construction,0,1,30.0,True,True,"600xwood"
legacyfurnace,"Legacy Furnace",Items,0,1,30.0,False,False,"200xstones;100xwood;50xlowgradefuel"
lightup.large,"Light-Up Frame Large",Items,0,1,30.0,True,False,"150xwood"
lightup.xl,"Light-Up Frame XL",Items,0,1,30.0,True,False,"150xwood"
lightup.xxl,"Light-Up Frame XXL",Items,0,1,30.0,True,False,"150xwood"
lightupframe.medium,"Light-Up Frame Medium",Items,0,1,30.0,False,False,"150xwood"
lightupframe.small,"Light-Up Frame Small",Items,0,1,30.0,True,False,"150xwood"
lightupframe.standing,"Light-Up Frame Standing",Items,0,1,30.0,True,False,"150xwood"
lightupmirror.large,"Light-Up Mirror Large",Items,0,1,30.0,False,False,"150xwood"
lightupmirror.medium,"Light-Up Mirror Medium",Items,0,1,30.0,False,False,"150xwood"
lightupmirror.small,"Light-Up Mirror Small",Items,0,1,30.0,False,False,"150xwood"
lightupmirror.standing,"Light-Up Mirror Standing",Items,0,1,30.0,False,False,"150xwood"
lmg.m249,"M249",Weapon,3,1,180.0,False,False,"40xmetal.refined;1xriflebody;6xmetalspring;6xgears"
lock.code,"Code Lock",Construction,0,1,30.0,True,True,"100xmetal.fragments"
lock.code.a.pilot,"Flight Control Codelock",Construction,0,1,30.0,False,False,"100xmetal.fragments"
lock.key,"Key Lock",Construction,0,1,15.0,True,True,"75xwood"
locker,"Locker",Items,2,1,30.0,True,False,"100xmetal.fragments;50xwood"
locomotive,"Locomotive",Misc,1,1,30.0,False,False,"200xmetal.fragments"
longsword,"Longsword",Weapon,2,1,30.0,True,False,"2xmetalblade;100xmetal.fragments"
lowgradefuel,"Low Grade Fuel",Resources,0,4,5.0,True,True,"3xfat.animal;1xcloth"
lumberjack hoodie,"Lumberjack Hoodie",Attire,2,1,30.0,False,False,"40xcloth;1xsewingkit"
lumberjack.hatchet,"Prototype Hatchet",Tool,1,1,30.0,False,False,"100xwood;75xmetal.fragments"
lumberjack.pickaxe,"Prototype Pickaxe",Tool,1,1,30.0,False,False,"100xwood;125xmetal.fragments"
lunar.firecrackers,"Firecracker String",Fun,0,1,5.0,False,False,"10xgunpowder;10xmetal.fragments"
m16a2,"M16A2",Weapon,3,1,60.0,False,False,"40xmetal.refined;1xriflebody;2xmetalspring;2xweapon.mod.burstmodule"
mace,"Mace",Weapon,1,1,30.0,True,False,"100xwood;50xmetal.fragments"
mace.baseballbat,"Baseball Bat",Weapon,1,1,30.0,False,False,"100xwood;50xmetal.fragments"
machete,"Machete",Weapon,0,1,30.0,True,True,"100xwood;40xmetal.fragments"
mailbox,"Mail Box",Items,0,1,30.0,True,False,"100xwood;25xmetal.fragments"
mannequin,"Clothing Mannequin",Items,0,1,30.0,True,True,"100xwood;50xmetal.fragments"
map,"Paper Map",Items,0,1,5.0,False,False,"100xwood"
mask.balaclava,"Improvised Balaclava",Attire,0,1,30.0,True,False,"15xcloth"
mask.bandana,"Bandana Mask",Attire,0,1,30.0,True,False,"5xcloth"
medieval.box.wooden.large,"Medieval Large Wood Box",Items,0,1,30.0,False,False,"250xwood;50xmetal.fragments"
medieval.door.double.hinged.metal,"Medieval Sheet Metal Double Door",Construction,0,1,30.0,False,True,"200xmetal.fragments"
medieval.door.hinged.metal,"Medieval Sheet Metal Door",Construction,0,1,30.0,False,True,"150xmetal.fragments"
megaphone,"Megaphone",Fun,1,1,15.0,True,True,"50xwood;75xmetal.fragments"
metal.detector,"Metal Detector",Tool,1,1,30.0,True,False,"2xrope;200xmetal.fragments;5xmetal.refined"
metal.facemask,"Metal Facemask",Attire,3,1,45.0,True,False,"50xleather;15xmetal.refined;6xsewingkit"
metal.facemask.hockey,"Hockey Mask",Attire,3,1,45.0,False,False,"50xleather;15xmetal.refined;6xsewingkit"
metal.facemask.icemask,"Ice Metal Facemask",Attire,3,1,45.0,False,False,"50xleather;15xmetal.refined;6xsewingkit"
metal.plate.torso,"Metal Chest Plate",Attire,3,1,45.0,True,False,"50xleather;18xmetal.refined;8xsewingkit"
metal.plate.torso.icevest,"Ice Metal Chest Plate",Attire,3,1,45.0,False,False,"50xleather;18xmetal.refined;8xsewingkit"
metal.shield,"Metal Shield",Attire,2,1,15.0,True,False,"300xmetal.fragments;10xleather;50xcloth"
metalblade,"Metal Blade",Component,2,1,1.0,True,False,"30xmetal.fragments;10xscrap"
metalpipe,"Metal Pipe",Component,3,1,1.0,True,False,"2xmetal.refined;20xscrap"
metalspring,"Metal Spring",Component,3,1,1.0,True,False,"2xmetal.refined;50xscrap"
microphonestand,"Microphone Stand",Fun,1,1,15.0,True,True,"75xmetal.fragments"
military flamethrower,"Military Flame Thrower",Weapon,3,1,40.0,False,False,"35xmetal.refined;8xmetalpipe;100xlowgradefuel;4xpropanetank"
minecart.planter,"Minecart Planter",Items,0,1,30.0,True,False,"100xmetal.fragments"
mini fridge,"Mini Fridge",Electrical,1,1,15.0,True,False,"50xmetal.fragments"
minicopter,"Minicopter",Misc,0,1,30.0,False,False,"1000xmetal.fragments"
minicrossbow,"Mini Crossbow",Weapon,1,1,30.0,True,False,"200xwood;150xmetal.fragments;1xrope;1xgears"
minigun,"Minigun",Weapon,3,1,30.0,False,False,"50xmetal.refined;4xriflebody;6xmetalspring;12xmetalpipe"
minigunammopack,"Minigun Ammo Pack",Attire,3,1,1.0,False,False,"100xcloth;4xmetal.refined"
minihelicopter.repair,"Minicopter",Misc,0,1,30.0,False,False,"500xmetal.fragments"
mixedclumpballoon2025,"Clump of Mixed Balloons",Items,0,1,10.0,False,False,"15xcloth"
mixingtable,"Mixing Table",Items,1,1,30.0,True,False,"200xmetal.fragments;100xstones"
mlrs,"MLRS",Misc,1,1,30.0,False,False,"100xmetal.fragments"
mobilephone,"Mobile Phone",Fun,1,1,15.0,True,True,"125xmetal.fragments"
modularcarlift,"Modular Car Lift",Electrical,2,1,30.0,True,False,"200xmetal.fragments;5xmetal.refined;1xgears"
mortar.deployable,"Mortar",Construction,2,1,30.0,True,False,"20xmetal.refined;3xmetalpipe"
motorbike,"Motorbike",Misc,1,1,30.0,False,False,"100xmetal.fragments"
motorbike_sidecar,"Motorbike With Sidecar",Misc,1,1,30.0,False,False,"125xmetal.fragments"
movembermoustache,"Movember Moustache",Attire,0,1,1.0,True,False,"10xcloth"
movembermoustachecard,"Card Movember Moustache",Attire,0,1,1.0,False,False,"10xcloth"
multiplegrenadelauncher,"Multiple Grenade Launcher",Weapon,3,1,180.0,False,False,"25xmetal.refined;3xmetalpipe"
mummymask,"Mummy Mask",Attire,0,1,30.0,False,False,"10xcloth"
neonsigntr,"Twitch Rivals Neon Sign",Electrical,0,1,20.0,True,False,"150xmetal.fragments"
newyeargong,"New Year Gong",Fun,0,1,15.0,True,False,"100xwood;50xmetal.fragments"
nightvisiongoggles,"Night Vision Goggles",Attire,2,1,30.0,True,False,"10xmetal.refined;2xtechparts"
note,"Note",Misc,0,1,5.0,True,True,"10xwood"
oubreak_scientist,"Outbreak Scientist Suit",Attire,0,1,1.0,False,False,"5xtarp;2xsewingkit;8xmetal.refined"
outbreak.sprayer,"Outbreak Sprayer",Tool,1,1,30.0,False,False,"30xmetal.fragments"
paddle,"Paddle",Weapon,0,1,30.0,True,False,"15xmetal.fragments;1xmetalblade;200xwood"
paddlingpool,"Paddling Pool",Fun,0,1,30.0,True,True,"100xcloth;1xtarp"
paintabletarget.reactive,"Paintable Reactive Target",Electrical,1,1,30.0,False,False,"100xwood;150xmetal.fragments;1xgears"
paintballgun,"Paintball Gun",Weapon,0,1,30.0,True,False,"50xmetal.fragments;1xmetalpipe"
paintballoveralls.suit,"Paintball Overalls",Attire,0,1,15.0,True,False,"60xcloth;2xsewingkit"
pants,"Pants",Attire,1,1,30.0,True,False,"40xcloth;1xsewingkit"
pants.shorts,"Shorts",Attire,0,1,30.0,True,False,"30xcloth"
paper,"Paper",Resources,0,1,5.0,False,False,"5xwood"
parachute,"Parachute",Attire,2,1,15.0,True,False,"2xtarp;2xsewingkit;50xcloth"
photoframe.landscape,"Landscape Photo Frame",Items,0,1,30.0,True,True,"100xwood"
photoframe.large,"Large Photo Frame",Items,0,1,30.0,True,True,"100xwood"
photoframe.portrait,"Portrait Photo Frame",Items,0,1,30.0,True,True,"100xwood"
piano,"Wheelbarrow Piano",Fun,1,1,30.0,True,True,"200xwood;100xmetal.fragments"
pickaxe,"Pickaxe",Tool,1,1,30.0,True,False,"100xwood;125xmetal.fragments"
pilot.hazmat.box.wooden,"Flight Recorder Box",Items,0,1,15.0,False,False,"100xwood"
pinata,"Pinata",Fun,1,1,15.0,False,False,"500xwood"
pipetool,"Pipe Tool",Electrical,1,1,1.0,True,True,"2xmetal.refined"
pistol.eoka,"Eoka Pistol",Weapon,0,1,30.0,True,True,"75xwood;30xmetal.fragments"
pistol.m92,"M92 Pistol",Weapon,3,1,60.0,False,False,"1xsemibody;25xmetal.refined;1xmetalpipe;1xmetalspring"
pistol.nailgun,"Nailgun",Weapon,1,1,30.0,True,True,"75xmetal.fragments;15xscrap"
pistol.prototype17,"Prototype 17",Weapon,3,1,30.0,False,False,"1xsemibody;4xmetal.refined;1xmetalpipe;2xweapon.mod.burstmodule"
pistol.python,"Python Revolver",Weapon,2,1,30.0,True,False,"3xmetalpipe;1xmetalspring;10xmetal.refined"
pistol.revolver,"Revolver",Weapon,1,1,30.0,True,False,"1xmetalpipe;25xcloth;125xmetal.fragments"
pistol.semiauto,"Semi-Automatic Pistol",Weapon,2,1,30.0,True,False,"1xsemibody;4xmetal.refined;1xmetalpipe"
pistol.semiauto.a.m15,"M15 Semi-Automatic Pistol",Weapon,2,1,30.0,False,False,"1xsemibody;4xmetal.refined;1xmetalpipe"
pistol.water,"Water Pistol",Weapon,0,1,30.0,True,True,"75xmetal.fragments"
piston1,"Low Quality Pistons",Component,1,1,10.0,True,False,"25xmetal.fragments"
piston2,"Medium Quality Pistons",Component,2,1,10.0,True,False,"70xmetal.fragments"
piston3,"High Quality Pistons",Component,3,1,10.0,True,False,"120xmetal.fragments"
pitchfork,"Pitchfork",Weapon,0,1,30.0,False,False,"300xwood;100xmetal.fragments"
plank,"Plank",Items,1,1,30.0,True,False,"100xwood"
planter.large,"Large Planter Box",Items,0,1,30.0,True,False,"200xwood;2xtarp"
planter.small,"Small Planter Box",Items,0,1,30.0,True,True,"100xwood;1xtarp"
planter.triangle,"Triangle Planter Box",Items,0,1,30.0,True,False,"150xwood;1xtarp"
plantpot.single,"Single Plant Pot",Items,0,1,30.0,True,True,"200xwood"
pooltable,"Pool Table",Fun,0,1,30.0,True,False,"200xwood;10xcloth"
powered.water.purifier,"Powered Water Purifier",Electrical,2,1,30.0,True,False,"300xmetal.fragments;20xcloth;100xwood"
prisonerhood,"Prisoner Hood",Attire,1,1,15.0,True,False,"20xcloth"
propanetank,"Empty Propane Tank",Component,2,1,1.0,True,False,"100xmetal.fragments;10xscrap"
ptboat,"PT Boat",Items,0,1,30.0,False,False,"50xmetal.fragments;250xwood"
ptz.cctv.camera,"PTZ CCTV Camera",Electrical,2,1,1.0,True,False,"1xcctv.camera;150xmetal.fragments"
pumpkinbasket,"Pumpkin Basket",Misc,0,1,1.0,False,False,"100xmetal.fragments"
rail.road.planter,"Rail Road Planter",Items,0,1,30.0,False,False,"200xwood;2xtarp"
reinforced.wooden.shield,"Reinforced Wooden Shield",Attire,1,1,15.0,True,False,"1xroadsigns;10xcloth;200xwood"
research.table,"Research Table",Items,1,1,30.0,True,True,"200xmetal.fragments;20xscrap"
revolver.hc,"High Caliber Revolver",Weapon,2,1,30.0,True,False,"4xmetalpipe;1xmetalspring;1xgears;6xmetal.refined"
rf.detonator,"RF Transmitter",Tool,2,1,30.0,True,False,"100xmetal.fragments"
rf_pager,"RF Pager",Electrical,2,1,20.0,True,False,"100xmetal.fragments"
rhib,"RHIB",Items,0,1,30.0,False,False,"300xmetal.fragments"
rifle.ak,"Assault Rifle",Weapon,3,1,45.0,True,False,"50xmetal.refined;200xwood;1xriflebody;4xmetalspring"
rifle.ak.diver,"Abyss Assault Rifle",Weapon,3,1,45.0,False,False,"50xmetal.refined;200xwood;1xriflebody;4xmetalspring"
rifle.ak.ice,"Ice Assault Rifle",Weapon,3,1,45.0,False,False,"50xmetal.refined;200xwood;1xriflebody;4xmetalspring"
rifle.ak.jungle,"Jungle Relic Assault Rifle",Weapon,3,1,45.0,False,False,"50xmetal.refined;200xwood;1xriflebody;4xmetalspring"
rifle.ak.med,"Medieval AR",Weapon,3,1,45.0,False,False,"50xmetal.refined;200xwood;1xriflebody;4xmetalspring"
rifle.bolt,"Bolt Action Rifle",Weapon,3,1,45.0,True,False,"20xmetal.refined;1xriflebody;3xmetalpipe;1xmetalspring"
rifle.l96,"L96 Rifle",Weapon,3,1,90.0,False,False,"40xmetal.refined;1xriflebody;6xmetalpipe;5xmetalspring"
rifle.lr300,"LR-300 Assault Rifle",Weapon,3,1,60.0,False,False,"40xmetal.refined;1xriflebody;2xmetalspring;2xweapon.mod.burstmodule"
rifle.lr300.space,"Space LR-300 Assault Rifle",Weapon,3,1,60.0,False,False,"40xmetal.refined;1xriflebody;2xmetalspring;2xweapon.mod.burstmodule"
rifle.m39,"M39 Rifle",Weapon,3,1,30.0,False,False,"1xriflebody;4xmetalspring;50xmetal.refined"
rifle.semiauto,"Semi-Automatic Rifle",Weapon,2,1,30.0,True,False,"1xsemibody;1xmetalspring;450xmetal.fragments;4xmetal.refined"
rifle.sks,"SKS",Weapon,3,1,30.0,True,False,"1xsemibody;2xmetalspring;200xmetal.fragments;12xmetal.refined"
riflebody,"Rifle Body",Component,3,1,1.0,False,False,"3xmetal.refined;250xscrap"
riot.helmet,"Riot Helmet",Attire,1,1,30.0,True,False,"10xcloth;50xmetal.fragments"
roadsign.gloves,"Road Sign Gloves",Attire,2,1,30.0,True,False,"20xleather;1xroadsigns;2xsewingkit"
roadsign.jacket,"Road Sign Jacket",Attire,2,1,30.0,True,False,"20xleather;2xroadsigns;2xsewingkit"
roadsign.kilt,"Road Sign Kilt",Attire,2,1,30.0,True,False,"10xleather;1xroadsigns;2xsewingkit"
roadsigns,"Road Signs",Component,3,1,1.0,True,False,"2xmetal.refined;20xscrap"
rock,"Rock",Tool,0,1,5.0,True,True,"10xstones"
rocket.launcher,"Rocket Launcher",Weapon,2,1,60.0,True,False,"40xmetal.refined;4xmetalpipe"
rocket.launcher.dragon,"Dragon Rocket Launcher",Weapon,2,1,60.0,False,False,"40xmetal.refined;4xmetalpipe"
rocket.launcher.rpg7,"RPG Launcher",Weapon,2,1,60.0,False,False,"40xmetal.refined;4xmetalpipe"
rockingchair,"Rocking Chair",Items,1,1,30.0,True,False,"130xwood"
rockingchair.rockingchair2,"Teal",Items,1,1,30.0,False,False,"130xwood"
rockingchair.rockingchair3,"Green",Items,1,1,30.0,False,False,"130xwood"
rope,"Rope",Component,2,1,1.0,False,False,"30xcloth"
rowboat,"Rowboat",Items,0,1,30.0,False,False,"50xmetal.fragments;250xwood"
rug,"Rug",Items,0,1,30.0,True,False,"25xcloth"
rug.bear,"Bear Skin Rug",Items,0,1,30.0,True,False,"20xleather"
rustige_egg_a,"Rustigé Egg - Red",Misc,0,1,30.0,True,False,"2xmetal.refined"
rustige_egg_b,"Rustigé Egg - Blue",Misc,0,1,30.0,True,False,"2xmetal.refined"
rustige_egg_c,"Rustigé Egg - Purple",Misc,0,1,30.0,True,False,"2xmetal.refined"
rustige_egg_d,"Rustigé Egg - Ivory",Misc,0,1,30.0,True,False,"2xmetal.refined"
rustige_egg_e,"Rustigé Egg - Green",Misc,0,1,30.0,True,False,"2xmetal.refined"
rustige_egg_f,"Rustigé Egg - White",Misc,0,1,30.0,True,False,"2xmetal.refined"
rustige_egg_g,"Rustigé Egg - Cerulean",Misc,0,1,30.0,True,False,"2xmetal.refined"
rustige_egg_h,"Rustigé Egg - Amethyst",Misc,0,1,30.0,True,False,"2xmetal.refined"
sail,"Sail",Items,1,1,30.0,True,False,"150xwood;1xtarp"
salvaged.bamboo.shelves,"Bamboo Salvaged Shelves",Items,0,1,10.0,False,False,"50xmetal.fragments"
salvaged.cleaver,"Salvaged Cleaver",Weapon,1,1,30.0,True,False,"50xmetal.fragments;1xroadsigns"
salvaged.industrial.shelves,"Salvaged Industrial Shelves",Items,0,1,10.0,False,False,"50xmetal.fragments"
salvaged.sword,"Salvaged Sword",Weapon,1,1,30.0,True,False,"15xmetal.fragments;1xmetalblade"
samsite,"SAM Site",Traps,0,1,60.0,False,False,"50xmetal.refined"
santabeard,"Santa Beard",Attire,0,1,1.0,True,False,"10xcloth"
scarecrow,"Scarecrow",Items,0,1,30.0,True,False,"200xwood;10xcloth"
scarecrowhead,"Scarecrow Wrap",Attire,0,1,30.0,False,False,"10xcloth"
scientist.plushie,"Scientist Plushie",Items,0,1,1.0,True,False,"50xcloth"
scientistsuit_heavy,"Heavy Scientist Suit",Attire,0,1,1.0,False,False,"5xtarp;2xsewingkit;8xmetal.refined"
scrapframe.large,"Shutter Frame large",Items,0,1,30.0,True,False,"150xwood"
scrapframe.medium,"Shutter Frame Medium",Items,0,1,30.0,False,False,"150xwood"
scrapframe.small,"Shutter Frame Small",Items,0,1,30.0,True,False,"150xwood"
scrapframe.standing,"Shutter Frame Standing",Items,0,1,30.0,True,False,"150xwood"
scrapframe.xl,"Shutter Frame XL",Items,0,1,30.0,True,False,"150xwood"
scrapframe.xxl,"Shutter Frame XXL",Items,0,1,30.0,True,False,"150xwood"
scrapmirror.large,"Scrap Mirror Large",Items,0,1,30.0,False,False,"150xwood"
scrapmirror.medium,"Scrap Mirror Medium",Items,0,1,30.0,False,False,"150xwood"
scrapmirror.small,"Scrap Mirror Small",Items,0,1,30.0,False,False,"150xwood"
scrapmirror.standing,"Scrap Mirror Standing",Items,0,1,30.0,False,False,"150xwood"
scraptransportheli,"Scrap Transport Helicopter",Misc,0,1,30.0,False,False,"1500xmetal.fragments"
sculpture.ice,"Ice Sculpture",Items,0,1,1.0,False,False,"500xwood;100xmetal.fragments"
sculpture.rock,"Stone Sculpture",Items,0,1,1.0,True,False,"200xstones;100xwood"
searchlight,"Search Light",Electrical,2,1,30.0,True,False,"500xwood;200xmetal.fragments"
secretlabchair,"Secretlab Chair",Items,1,1,30.0,True,True,"50xwood;75xmetal.fragments"
sedan,"Sedan",Misc,0,1,30.0,False,False,"1000xmetal.fragments"
semibody,"Semi Automatic Body",Component,3,1,1.0,False,False,"3xmetal.refined;150xmetal.fragments;50xscrap"
sewingkit,"Sewing Kit",Component,3,1,1.0,True,False,"20xcloth;3xrope"
sheetmetal,"Sheet Metal",Component,3,1,1.0,False,False,"200xmetal.fragments;2xmetal.refined;30xscrap"
shelves,"Salvaged Shelves",Items,0,1,10.0,True,False,"50xmetal.fragments"
shirt.collared,"Shirt",Attire,1,1,30.0,True,False,"25xcloth"
shirt.tanktop,"Tank Top",Attire,0,1,15.0,True,False,"20xcloth"
shoes.boots,"Boots",Attire,2,1,30.0,True,False,"20xleather;15xmetal.fragments;1xsewingkit"
shotgun.double,"Double Barrel Shotgun",Weapon,1,1,40.0,True,False,"175xmetal.fragments;2xmetalpipe"
shotgun.m4,"M4 Shotgun",Weapon,3,1,60.0,False,False,"20xmetal.refined;4xmetalpipe;3xmetalspring"
shotgun.pump,"Pump Shotgun",Weapon,2,1,40.0,True,False,"15xmetal.refined;2xmetalpipe;1xmetalspring"
shotgun.spas12,"Spas-12 Shotgun",Weapon,3,1,60.0,False,False,"20xmetal.refined;4xmetalpipe;3xmetalspring"
shotgun.waterpipe,"Waterpipe Shotgun",Weapon,1,1,30.0,True,False,"150xwood;75xmetal.fragments"
shovel,"Shovel",Tool,1,1,30.0,False,False,"25xmetal.fragments"
shutter.metal.embrasure.a,"Metal horizontal embrasure",Construction,2,1,10.0,True,False,"100xmetal.fragments"
shutter.metal.embrasure.b,"Metal Vertical embrasure",Construction,2,1,10.0,True,False,"100xmetal.fragments"
shutter.wood.a,"Wood Shutters",Construction,0,1,15.0,True,False,"200xwood"
sickle,"Sickle",Misc,0,1,30.0,False,False,"200xmetal.fragments"
siegetower,"Siege Tower",Weapon,1,1,30.0,True,False,"500xwood;250xmetal.fragments;1xgears"
sign.artistcanvas.l,"Artist Canvas Standing",Items,0,1,30.0,True,False,"175xwood;30xcloth"
sign.artistcanvas.m,"Artist Canvas Large",Items,0,1,30.0,True,False,"175xwood;30xcloth"
sign.artistcanvas.s,"Artist Canvas Medium",Items,0,1,30.0,False,False,"175xwood;30xcloth"
sign.artistcanvas.xl,"Artist Canvas XL",Items,0,1,30.0,True,False,"175xwood;30xcloth"
sign.artistcanvas.xs,"Artist Canvas Small",Items,0,1,30.0,True,False,"175xwood;30xcloth"
sign.artistcanvas.xxl,"Artist Canvas XXL",Items,0,1,30.0,True,False,"175xwood;30xcloth"
sign.hanging,"Two Sided Hanging Sign",Items,0,1,30.0,True,False,"150xmetal.fragments"
sign.hanging.banner.large,"Large Banner Hanging",Items,0,1,30.0,True,False,"20xcloth;100xmetal.fragments"
sign.hanging.ornate,"Two Sided Ornate Hanging Sign",Items,0,1,30.0,True,False,"100xmetal.fragments"
sign.neon.125x125,"Small Neon Sign",Electrical,1,1,15.0,True,False,"150xmetal.fragments"
sign.neon.125x215,"Medium Neon Sign",Electrical,1,1,15.0,True,False,"200xmetal.fragments"
sign.neon.125x215.animated,"Medium Animated Neon Sign",Electrical,2,1,15.0,True,False,"300xmetal.fragments;2xmetal.refined"
sign.neon.xl,"Large Neon Sign",Electrical,1,1,15.0,True,False,"250xmetal.fragments"
sign.neon.xl.animated,"Large Animated Neon Sign",Electrical,2,1,15.0,True,False,"350xmetal.fragments;5xmetal.refined"
sign.pictureframe.landscape,"Landscape Picture Frame",Items,0,1,30.0,True,False,"100xwood;10xcloth"
sign.pictureframe.portrait,"Portrait Picture Frame",Items,0,1,30.0,True,False,"100xwood;10xcloth"
sign.pictureframe.tall,"Tall Picture Frame",Items,0,1,30.0,True,False,"150xwood;10xcloth"
sign.pictureframe.xl,"XL Picture Frame",Items,0,1,30.0,True,False,"150xwood;15xcloth"
sign.pictureframe.xxl,"XXL Picture Frame",Items,0,1,30.0,True,False,"175xwood;30xcloth"
sign.pole.banner.large,"Large Banner on pole",Items,0,1,30.0,True,False,"100xwood;50xmetal.fragments;20xcloth"
sign.post.double,"Double Sign Post",Items,0,1,30.0,True,False,"75xwood"
sign.post.single,"Single Sign Post",Items,0,1,30.0,True,False,"75xwood"
sign.post.town,"One Sided Town Sign Post",Items,0,1,30.0,True,False,"100xwood"
sign.post.town.roof,"Two Sided Town Sign Post",Items,0,1,30.0,True,False,"100xwood;50xmetal.fragments"
sign.wooden.huge,"Huge Wooden Sign",Items,0,1,30.0,True,False,"250xwood"
sign.wooden.large,"Large Wooden Sign",Items,0,1,30.0,True,False,"150xwood"
sign.wooden.medium,"Medium Wooden Sign",Items,0,1,30.0,True,True,"100xwood"
sign.wooden.small,"Small Wooden Sign",Items,0,1,30.0,True,True,"75xwood"
silly.horse.mask,"Silly Horse Mask",Attire,0,1,30.0,True,True,"10xcloth"
single.shallow.wall.shelves,"Bamboo Wall Shelves",Items,0,1,10.0,True,False,"100xwood"
skidoo,"Diver propulsion vehicle",Items,2,1,30.0,True,False,"1xtechparts;150xmetal.fragments"
skull,"Skull",Tool,0,1,5.0,False,False,"10xstones"
skull.trophy,"Skull Trophy",Fun,0,1,15.0,True,False,"100xwood;25xmetal.fragments"
skull.trophy.jar,"Skull Trophy",Fun,0,1,15.0,False,False,"100xwood;25xmetal.fragments"
skull.trophy.jar2,"Skull Trophy",Fun,0,1,15.0,False,False,"100xwood;25xmetal.fragments"
skull.trophy.table,"Skull Trophy",Fun,0,1,15.0,False,False,"100xwood;25xmetal.fragments"
skull_fire_pit,"Skull Fire Pit",Items,0,1,30.0,True,False,"100xwood;1xskull.human"
skulldoorknocker,"Skull Door Knocker",Items,0,1,30.0,True,False,"20xmetal.fragments"
skullspikes,"Skull Spikes",Fun,0,1,15.0,True,False,"150xwood;1xskull.human"
skullspikes.candles,"Skull Spikes",Fun,0,1,15.0,False,False,"150xwood;1xskull.human"
skullspikes.pumpkin,"Skull Spikes",Fun,0,1,15.0,False,False,"150xwood;1xskull.human"
skylantern,"Sky Lantern",Fun,0,1,2.0,True,False,"10xcloth;5xlowgradefuel"
skylantern.skylantern.green,"Sky Lantern - Green",Fun,0,1,2.0,False,False,"10xcloth;5xlowgradefuel"
skylantern.skylantern.orange,"Sky Lantern - Orange",Fun,0,1,2.0,False,False,"10xcloth;5xlowgradefuel"
skylantern.skylantern.purple,"Sky Lantern - Purple",Fun,0,1,2.0,False,False,"10xcloth;5xlowgradefuel"
skylantern.skylantern.red,"Sky Lantern - Red",Fun,0,1,2.0,False,False,"10xcloth;5xlowgradefuel"
sled,"Sled",Fun,1,1,20.0,False,False,"500xwood"
sled.xmas,"Sled",Fun,1,1,20.0,False,False,"500xwood"
sleepingbag,"Sleeping Bag",Items,0,1,30.0,True,True,"30xcloth"
small.oil.refinery,"Small Oil Refinery",Items,2,1,30.0,True,False,"200xwood;500xmetal.fragments;250xlowgradefuel"
small_ramp,"Small Ramp",Items,1,1,30.0,True,False,"250xwood;2xrope"
smallbackpack,"Small Backpack",Attire,1,1,30.0,True,True,"5xsewingkit;50xcloth"
smallcandles,"Small Candle Set",Misc,0,1,15.0,True,False,"10xfat.animal;5xcloth"
smallengine,"Small Boat Engine",Items,2,1,30.0,True,False,"5xmetal.refined;2xgears;50xlowgradefuel"
smart.alarm,"Smart Alarm",Electrical,2,1,30.0,True,False,"3xmetal.refined;1xtechparts"
smart.switch,"Smart Switch",Electrical,2,1,30.0,True,False,"3xmetal.refined;1xtechparts"
smg.2,"Custom SMG",Weapon,2,1,30.0,True,False,"8xmetal.refined;1xsmgbody;1xmetalspring"
smg.mp5,"MP5A4",Weapon,3,1,30.0,True,False,"15xmetal.refined;1xsmgbody;2xmetalspring"
smg.thompson,"Thompson",Weapon,2,1,30.0,True,False,"10xmetal.refined;100xwood;1xsmgbody;1xmetalspring"
smgbody,"SMG Body",Component,3,1,1.0,False,False,"3xmetal.refined;75xscrap"
snowballgun,"Snowball Gun",Weapon,3,1,180.0,False,False,"25xmetal.refined;3xmetalpipe"
snowmachine,"Snow Machine",Misc,1,1,30.0,True,False,"125xmetal.fragments;30xlowgradefuel;1xmetalpipe"
snowman,"Snowman",Items,0,1,30.0,True,False,"50xcharcoal;20xcloth;20xmetal.fragments"
snowmobile,"Snowmobile",Misc,1,1,30.0,False,False,"100xmetal.fragments"
snowmobiletomaha,"Tomaha Snowmobile",Misc,1,1,30.0,False,False,"100xmetal.fragments"
sofa,"Sofa",Items,0,1,30.0,True,False,"100xwood;30xcloth"
sofa.pattern,"Sofa - Pattern",Items,0,1,30.0,True,False,"100xwood;30xcloth"
soundlight,"Sound Light",Fun,1,1,15.0,True,True,"100xmetal.fragments"
sparkplug1,"Low Quality Spark Plugs",Component,1,1,10.0,True,False,"25xmetal.fragments"
sparkplug2,"Medium Quality Spark Plugs",Component,2,1,10.0,True,False,"70xmetal.fragments"
sparkplug3,"High Quality Spark Plugs",Component,3,1,10.0,True,False,"120xmetal.fragments"
spear.cny,"Lunar New Year Spear",Weapon,0,1,10.0,False,False,"300xwood"
spear.stone,"Stone Spear",Weapon,0,1,10.0,True,True,"1xspear.wooden;20xstones"
spear.wooden,"Wooden Spear",Weapon,0,1,30.0,True,True,"300xwood"
speargun,"Speargun",Weapon,1,1,30.0,True,False,"75xmetal.fragments;1xpropanetank"
speargun.spear,"Speargun Spear",Ammunition,1,3,3.0,True,False,"50xmetal.fragments"
speechbubbleballoon2025,"Speech Bubble Balloon",Items,0,1,10.0,True,False,"15xcloth"
spikes.floor,"Wooden Floor Spikes",Traps,0,1,30.0,True,False,"150xwood"
spikes.trap,"Small Spike Trap",Traps,0,1,15.0,True,True,"80xwood"
spinner.wheel,"Spinning Wheel",Items,0,1,20.0,True,False,"150xmetal.fragments"
spookyspeaker,"Spooky Speaker",Misc,0,1,30.0,True,False,"400xwood;100xmetal.fragments;20xcloth"
spraycan,"Spray Can",Tool,0,1,15.0,True,True,"100xmetal.fragments"
starballoon2025,"Star Balloon",Items,0,1,10.0,True,False,"15xcloth"
stash.small,"Small Stash",Items,0,1,15.0,True,True,"10xcloth"
steeringwheel.boat,"Steering Wheel",Items,1,1,30.0,True,False,"100xwood"
sticks,"Sticks",Component,0,1,1.0,False,False,"20xwood"
stone.pickaxe,"Stone Pickaxe",Tool,0,1,15.0,True,True,"200xwood;100xstones"
stonehatchet,"Stone Hatchet",Tool,0,1,15.0,True,True,"200xwood;100xstones"
storage.monitor,"Storage Monitor",Electrical,2,1,30.0,True,False,"3xmetal.refined;1xtechparts"
storage_barrel_a,"Unused Storage Barrel Vertical",Items,0,1,30.0,False,False,"250xwood;50xmetal.fragments"
storage_barrel_b,"Storage Barrel Vertical",Items,0,1,30.0,True,False,"300xwood;75xmetal.fragments"
storage_barrel_c,"Storage Barrel Horizontal",Items,0,1,30.0,True,False,"300xwood;75xmetal.fragments"
storageadaptor,"Storage Adaptor",Electrical,1,1,30.0,True,False,"100xmetal.fragments"
strobelight,"Strobe Light",Misc,0,1,15.0,True,False,"100xmetal.fragments;2xmetal.refined"
submarine.torpedo.straight,"Torpedo",Ammunition,2,5,10.0,True,False,"1xmetalpipe;30xgunpowder"
submarineduo,"Duo Submarine",Misc,1,1,30.0,False,False,"125xmetal.fragments"
submarinesolo,"Solo Submarine",Misc,1,1,30.0,False,False,"100xmetal.fragments"
sunglasses,"Sunglasses",Attire,0,1,15.0,True,True,"30xmetal.fragments"
sunglasses02black,"Sunglasses",Attire,0,1,15.0,False,False,"30xmetal.fragments"
sunglasses02camo,"Sunglasses",Attire,0,1,15.0,False,False,"30xmetal.fragments"
sunglasses02red,"Sunglasses",Attire,0,1,15.0,False,False,"30xmetal.fragments"
sunglasses03black,"Sunglasses",Attire,0,1,15.0,False,False,"30xmetal.fragments"
sunglasses03chrome,"Sunglasses",Attire,0,1,15.0,False,False,"30xmetal.fragments"
sunglasses03gold,"Sunglasses",Attire,0,1,15.0,False,False,"30xmetal.fragments"
sunken.knife,"Sunken Combat Knife",Weapon,1,1,15.0,False,False,"25xmetal.fragments;1xmetal.refined"
surveycharge,"Survey Charge",Tool,2,1,15.0,True,False,"30xgunpowder;5xcloth;10xmetal.fragments;20xlowgradefuel"
syringe.medical,"Medical Syringe",Medical,2,1,10.0,True,False,"15xcloth;10xmetal.fragments;10xlowgradefuel"
t1_smg,"Handmade SMG",Weapon,1,1,30.0,True,False,"5xmetal.refined;200xmetal.fragments;1xmetalspring"
table,"Table",Items,0,1,30.0,True,False,"100xwood"
tactical.gloves,"Tactical Gloves",Attire,0,1,30.0,False,False,"20xleather;10xsewingkit"
target.reactive,"Reactive Target",Electrical,1,1,30.0,True,False,"100xwood;150xmetal.fragments;1xgears"
targeting.computer,"Targeting Computer",Resources,3,1,1.0,False,False,"5xtechparts;2xmetal.refined;100xmetal.fragments"
tarp,"Tarp",Component,2,1,1.0,False,False,"100xcloth"
techparts,"Tech Trash",Component,3,1,1.0,False,False,"2xmetal.refined;50xscrap"
telephone,"Telephone",Fun,1,1,30.0,True,False,"50xwood;100xmetal.fragments;1xtechparts"
thruster.module,"Thruster Module",Component,0,1,5.0,False,False,"40xexplosives"
tincan.alarm,"Tin Can Alarm",Traps,1,1,20.0,True,False,"100xwood;1xrope;30xmetal.fragments"
tool.binoculars,"Binoculars",Tool,0,1,30.0,True,False,"40xmetal.fragments"
tool.instant_camera,"Instant Camera",Tool,0,1,30.0,True,True,"1xgears;75xmetal.fragments"
toolgun,"Garry's Mod Tool Gun",Tool,0,1,15.0,True,False,"100xwood;20xmetal.fragments"
torch,"Torch",Tool,0,1,30.0,True,True,"30xwood;1xcloth;1xlowgradefuel"
torch.torch.skull,"Cultist Deer Torch",Tool,0,1,30.0,False,True,"30xwood;1xcloth;1xlowgradefuel"
torchholder,"Torch Holder",Items,0,1,20.0,True,False,"40xwood;10xmetal.fragments"
trap.bear,"Snap Trap",Traps,1,1,30.0,True,False,"50xmetal.fragments;1xgears"
trap.landmine,"Homemade Landmine",Traps,2,1,20.0,True,False,"50xmetal.fragments;30xgunpowder"
triangle.rail.road.planter,"Triangle Rail Road Planter",Items,0,1,30.0,False,False,"150xwood;1xtarp"
trike,"Trike",Misc,1,1,30.0,False,False,"70xmetal.fragments"
trophy,"Twitch Rivals Trophy",Items,0,1,10.0,True,False,"50xmetal.fragments"
trophy2023,"Twitch Rivals Trophy 2023",Items,0,1,10.0,True,False,"50xmetal.fragments"
tshirt,"T-Shirt",Attire,1,1,30.0,True,False,"25xcloth"
tshirt.long,"Longsleeve T-Shirt",Attire,1,1,30.0,True,False,"30xcloth"
tugboat,"Tugboat",Items,0,1,30.0,False,False,"50xmetal.fragments;250xwood"
tunalight,"Tuna Can Lamp",Items,0,1,20.0,True,False,"1xcan.tuna.empty;20xwood;10xlowgradefuel"
twitch.headset,"Headset",Attire,0,1,30.0,True,True,"10xcloth"
twitchrivals2023desk,"Twitch Rivals Desk",Electrical,1,1,30.0,False,False,"5xmetal.refined;1xtargeting.computer;1xelectric.rf.broadcaster;1xelectric.rf.receiver"
twitchrivals2025sofa,"Twitch Rivals 2025 Sofa",Items,0,1,30.0,True,False,"100xwood;30xcloth"
twitchsunglasses,"Purple Sunglasses",Attire,0,1,15.0,True,False,"30xmetal.fragments"
valve1,"Low Quality Valves",Component,1,1,10.0,True,False,"25xmetal.fragments"
valve2,"Medium Quality Valves",Component,2,1,10.0,True,False,"70xmetal.fragments"
valve3,"High Quality Valves",Component,3,1,10.0,True,False,"120xmetal.fragments"
vampire.stake,"Vampire Stake",Weapon,0,1,30.0,False,False,"100xwood"
vehicle.1mod.cockpit,"Cockpit Vehicle Module",Component,2,1,30.0,True,False,"150xmetal.fragments;100xwood"
vehicle.1mod.cockpit.armored,"Armored Cockpit Vehicle Module",Component,3,1,30.0,True,False,"150xmetal.fragments;5xmetal.refined"
vehicle.1mod.cockpit.with.engine,"Cockpit With Engine Vehicle Module",Component,2,1,30.0,True,False,"150xmetal.fragments;5xmetal.refined;100xwood"
vehicle.1mod.engine,"Engine Vehicle Module",Component,2,1,30.0,True,False,"100xmetal.fragments;3xmetal.refined"
vehicle.1mod.flatbed,"Flatbed Vehicle Module",Component,2,1,30.0,True,False,"100xmetal.fragments;100xwood"
vehicle.1mod.passengers.armored,"Armored Passenger Vehicle Module",Component,3,1,30.0,True,False,"150xmetal.fragments;5xmetal.refined"
vehicle.1mod.rear.seats,"Rear Seats Vehicle Module",Component,2,1,30.0,True,False,"150xmetal.fragments;100xwood"
vehicle.1mod.storage,"Storage Vehicle Module",Component,2,1,30.0,True,False,"50xmetal.fragments;125xwood"
vehicle.1mod.taxi,"Taxi Vehicle Module",Component,2,1,30.0,True,False,"175xmetal.fragments;125xwood;5xmetal.refined"
vehicle.2mod.camper,"Camper Vehicle Module",Component,2,1,30.0,True,False,"175xmetal.fragments;125xwood"
vehicle.2mod.flatbed,"Large Flatbed Vehicle Module",Component,2,1,30.0,True,False,"150xmetal.fragments;150xwood"
vehicle.2mod.fuel.tank,"Fuel Tank Vehicle Module",Component,2,1,30.0,True,False,"175xmetal.fragments;100xwood"
vehicle.2mod.passengers,"Passenger Vehicle Module",Component,2,1,30.0,True,False,"175xmetal.fragments;125xwood"
vehicle.car_radio,"Car Radio",Fun,1,1,15.0,True,True,"120xmetal.fragments"
vehicle.chassis,"Generic vehicle chassis",Component,1,1,1.0,False,False,"1xmetal.refined;1xgears;1xmetalspring"
vehicle.chassis.2mod,"Small Chassis",Component,1,1,1.0,False,False,"20xmetal.refined;6xgears;4xmetalspring"
vehicle.chassis.3mod,"Medium Chassis",Component,1,1,1.0,False,False,"30xmetal.refined;8xgears;4xmetalspring"
vehicle.chassis.4mod,"Large Chassis",Component,1,1,1.0,False,False,"40xmetal.refined;8xgears;4xmetalspring"
vehicle.module,"Generic vehicle module",Component,2,1,30.0,False,False,"100xmetal.fragments"
vending.machine,"Vending Machine",Items,1,1,30.0,True,True,"20xmetal.refined;3xgears"
wagon,"Wagon",Misc,1,1,30.0,False,False,"100xmetal.fragments"
walkietalkie,"Walkie Talkie",Items,1,1,30.0,False,False,"50xmetal.fragments;1xtechparts"
wall.external.high,"High External Wooden Wall",Construction,1,3,30.0,True,False,"4000xwood"
wall.external.high.adobe,"High External Adobe Wall",Construction,2,3,30.0,False,False,"4000xstones;1xsheetmetal"
wall.external.high.ice,"High Ice Wall",Construction,2,3,30.0,False,False,"3000xstones"
wall.external.high.legacy,"High External Legacy Wall",Construction,1,3,30.0,False,False,"4000xwood"
wall.external.high.stone,"High External Stone Wall",Construction,2,3,30.0,True,False,"4000xstones;1xsheetmetal"
wall.frame.cell,"Prison Cell Wall",Construction,2,1,30.0,True,False,"150xmetal.fragments"
wall.frame.cell.gate,"Prison Cell Gate",Construction,2,1,30.0,True,False,"150xmetal.fragments"
wall.frame.fence,"Chainlink Fence",Construction,1,1,30.0,True,False,"75xmetal.fragments"
wall.frame.fence.gate,"Chainlink Fence Gate",Construction,1,1,30.0,True,False,"75xmetal.fragments"
wall.frame.garagedoor,"Garage Door",Construction,2,1,30.0,True,False,"300xmetal.fragments;2xgears"
wall.frame.lunar2025_a,"Lunar Wall Frame Inlay",Construction,0,1,15.0,True,False,"100xwood"
wall.frame.lunar2025_b,"Lunar Wall Frame Inlay",Construction,0,1,15.0,False,False,"100xwood"
wall.frame.lunar2025_c,"Lunar Wall Frame Inlay",Construction,0,1,15.0,False,False,"100xwood"
wall.frame.netting,"Netting",Construction,0,1,30.0,True,True,"1xrope"
wall.frame.shopfront,"Shop Front",Construction,0,1,30.0,True,True,"150xwood"
wall.frame.shopfront.metal,"Metal Shop Front",Construction,1,1,30.0,True,True,"250xmetal.fragments"
wall.graveyard.fence,"Graveyard Fence",Misc,0,1,30.0,True,False,"250xstones;75xmetal.fragments"
wall.ice.wall,"Short Ice Wall",Construction,1,1,30.0,False,False,"300xstones"
wall.shallow.industrial.shelves,"Industrial Wall Shelves",Items,0,1,10.0,True,False,"100xwood"
wall.window.bars.metal,"Metal Window Bars",Construction,1,1,15.0,True,False,"25xmetal.fragments"
wall.window.bars.toptier,"Reinforced Glass Window",Construction,3,1,15.0,True,False,"4xmetal.refined"
wall.window.bars.wood,"Wooden Window Bars",Construction,0,1,15.0,True,True,"50xwood"
wall.window.glass.reinforced,"Strengthened Glass Window",Construction,2,1,15.0,True,False,"50xmetal.fragments"
wallpaper.ceiling,"Wallpaper Ceiling",Items,0,2,5.0,False,False,""
wallpaper.flooring,"Flooring",Items,0,2,5.0,False,False,""
wallpaper.tool,"Wallpaper Tool",Tool,0,1,5.0,True,True,"10xcloth"
wallpaper.wall,"Wallpaper",Tool,0,2,5.0,False,False,""
wantedposter,"Wanted Poster",Items,0,1,20.0,True,False,"20xwood"
wantedposter.wantedposter2,"Wanted Poster 2",Items,0,1,20.0,False,False,"20xwood"
wantedposter.wantedposter3,"Wanted Poster 3",Items,0,1,20.0,False,False,"20xwood"
wantedposter.wantedposter4,"Wanted Poster 4",Items,0,1,20.0,False,False,"20xwood"
watchtower.wood,"Watch Tower",Construction,1,1,30.0,True,False,"250xwood"
water.barrel,"Water Barrel",Items,0,1,30.0,True,False,"250xwood;1xtarp"
water.catcher.large,"Large Water Catcher",Construction,2,1,30.0,True,False,"500xwood;200xmetal.fragments;2xtarp"
water.catcher.small,"Small Water Catcher",Construction,1,1,30.0,True,False,"100xwood;50xmetal.fragments;1xtarp"
water.purifier,"Water Purifier",Items,0,1,30.0,True,True,"1xpropanetank;15xmetal.fragments;10xcloth"
waterjug,"Water Jug",Food,0,1,1.0,False,False,"100xmetal.fragments"
waterpump,"Water Pump",Electrical,2,1,30.0,True,False,"250xwood;200xmetal.fragments;1xgears"
weapon.mod.8x.scope,"Variable Zoom Scope",Weapon,3,1,30.0,False,False,"80xmetal.refined"
weapon.mod.burstmodule,"Burst Module",Component,2,1,30.0,False,False,"10xmetal.refined"
weapon.mod.extendedmags,"Extended Magazine",Weapon,2,1,30.0,True,False,"10xmetal.refined"
weapon.mod.flashlight,"Weapon flashlight",Weapon,1,1,30.0,True,False,"3xmetal.refined"
weapon.mod.gascompressionovedrive,"Gas Compression Overdrive",Weapon,2,1,30.0,True,False,"10xmetal.refined"
weapon.mod.holosight,"Holosight",Weapon,2,1,30.0,True,False,"12xmetal.refined;1xtechparts"
weapon.mod.lasersight,"Weapon Lasersight",Weapon,3,1,30.0,True,False,"3xmetal.refined;1xtechparts"
weapon.mod.muzzleboost,"Muzzle Boost",Weapon,2,1,30.0,True,False,"10xmetal.refined"
weapon.mod.muzzlebrake,"Muzzle Brake",Weapon,2,1,30.0,True,False,"8xmetal.refined"
weapon.mod.oilfiltersilencer,"Oil Filter Silencer",Weapon,2,1,30.0,True,False,"10xmetal.refined"
weapon.mod.silencer,"Military Silencer",Weapon,3,1,30.0,False,False,"15xmetal.refined"
weapon.mod.simplesight,"Simple Handmade Sight",Weapon,1,1,30.0,True,True,"6xmetal.refined"
weapon.mod.small.scope,"8x Zoom Scope",Weapon,3,1,30.0,True,False,"50xmetal.refined"
weapon.mod.sodacansilencer,"Soda Can Silencer",Weapon,1,1,30.0,True,False,"40xmetal.fragments"
weapon.mod.targetingattachment,"Targeting Attachment",Weapon,2,1,30.0,True,False,"10xmetal.refined;1xtechparts"
wicker.barrel,"Wicker Barrel",Items,0,1,30.0,True,False,"300xwood;75xmetal.fragments"
window.paintable,"Paintable Window",Construction,2,1,15.0,False,False,"50xmetal.fragments"
wiretool,"Wire Tool",Electrical,1,1,1.0,True,True,"2xmetal.refined"
wood.armor.helmet,"Wood Armor Helmet",Attire,0,1,20.0,True,True,"15xcloth;150xwood"
wood.armor.jacket,"Wood Chestplate",Attire,0,1,30.0,True,True,"20xcloth;250xwood"
wood.armor.pants,"Wood Armor Pants",Attire,0,1,20.0,True,True,"15xcloth;150xwood"
woodarmor.gloves,"Wood Armor Gloves",Attire,0,1,30.0,True,True,"100xwood;15xcloth"
woodcross,"Wooden Cross",Misc,0,1,30.0,False,False,"400xwood"
wooden.shield,"Wooden Shield",Attire,0,1,15.0,True,True,"250xwood;20xcloth"
woodframe.large,"Wood Frame Large",Items,0,1,30.0,False,False,"100xwood"
woodframe.medium,"Wood Frame Medium",Items,0,1,30.0,False,False,"150xwood"
woodframe.small,"Wood Frame Small",Items,0,1,30.0,False,False,"150xwood"
woodframe.standing,"Wood Frame Standing",Items,0,1,30.0,False,False,"150xwood"
woodmirror.large,"Wood Mirror Large",Items,0,1,30.0,False,False,"150xwood"
woodmirror.medium,"Wood Mirror Medium",Items,0,1,30.0,False,False,"150xwood"
woodmirror.small,"Wood Mirror Small",Items,0,1,30.0,False,False,"150xwood"
woodmirror.standing,"Wood Mirror Standing",Items,0,1,30.0,False,False,"150xwood"
workbench.upgrade.accelerated,"Accelerated Workbench Upgrade",Component,1,1,30.0,False,False,"5xgears;100xscrap"
workbench.upgrade.comfort,"Comfort Workbench Upgrade",Component,1,1,30.0,False,False,"100xwood;100xscrap;30xcloth"
workbench.upgrade.defensive,"Defensive Workbench Upgrade",Component,2,1,30.0,False,False,"100xmetal.fragments;200xscrap"
workbench.upgrade.efficiency,"Efficiency Workbench Upgrade",Component,1,1,30.0,False,False,"200xscrap;3xgears"
workbench.upgrade.prototype,"Prototype Workbench Upgrade",Component,2,1,30.0,False,False,"2xtechparts;300xscrap;2xgears"
workbench.upgrade.range,"Range Workbench Upgrade",Component,1,1,30.0,False,False,"50xmetal.fragments;100xscrap"
workbench.upgrade.recyclebin,"Recycle Bin Workbench Upgrade",Component,1,1,30.0,False,False,"200xscrap;100xmetal.fragments"
workbench.upgrade.reinforced,"Reinforced Workbench Upgrade",Component,1,1,60.0,False,False,"3xsheetmetal;100xscrap"
workbench.upgrade.salvage,"Salvage Workbench Upgrade",Component,2,1,30.0,False,False,"500xscrap;5xgears"
workbench.upgrade.surplus,"Surplus Workbench Upgrade",Component,2,1,30.0,False,False,"5xgears;3xmetalspring;300xscrap"
workbench1,"Workbench Level 1",Items,0,1,30.0,True,True,"500xwood;100xmetal.fragments"
workbench2,"Workbench Level 2",Items,1,1,45.0,True,True,"500xmetal.fragments;20xmetal.refined;5xbasicblueprintfragment"
workbench3,"Workbench Level 3",Items,2,1,60.0,True,True,"1000xmetal.fragments;100xmetal.refined;5xadvancedblueprintfragment"
workcart,"Work Cart",Misc,1,1,30.0,False,False,"100xmetal.fragments"
xmas.advent,"Advent Calendar",Items,1,1,10.0,False,False,"100xwood;20xcloth"
xmas.decoration.baubels,"Decorative Baubels",Misc,0,1,1.0,False,False,"100xmetal.fragments"
xmas.decoration.candycanes,"Decorative Plastic Candy Canes",Misc,0,1,1.0,False,False,"100xwood"
xmas.decoration.gingerbreadmen,"Decorative Gingerbread Men",Misc,0,1,1.0,False,False,"100xwood"
xmas.decoration.lights,"Tree Lights",Misc,0,1,1.0,False,False,"150xmetal.fragments"
xmas.decoration.pinecone,"Decorative Pinecones",Misc,0,1,1.0,False,False,"100xwood"
xmas.decoration.star,"Star Tree Topper",Misc,0,1,1.0,False,False,"150xmetal.fragments"
xmas.decoration.tinsel,"Decorative Tinsel",Misc,0,1,1.0,False,False,"100xwood"
xmas.door.garland,"Festive Doorway Garland",Items,0,1,30.0,True,False,"25xcloth"
xmas.double.door.garland,"Festive Double Doorway Garland",Items,0,1,30.0,True,False,"25xcloth"
xmas.lightstring,"Christmas Lights",Items,0,1,30.0,True,False,"25xmetal.fragments;20xlowgradefuel"
xmas.lightstring.advanced,"Deluxe Christmas Lights",Electrical,0,10,10.0,True,False,"50xmetal.fragments"
xmas.tree,"Christmas Tree",Items,0,1,10.0,False,False,"100xwood;20xcloth"
xmas.window.garland,"Festive Window Garland",Items,0,1,30.0,True,False,"25xcloth"
xmasdoorwreath,"Christmas Door Wreath",Items,0,1,30.0,True,False,"20xcloth"
xylophone,"Xylobone",Fun,1,1,30.0,True,True,"50xbone.fragments"
