elapsed_s,event_type,shortname,x,y,z,rot_x,rot_y,rot_z,grade,parent_entity_id,parent_shortname,wood_after,stones_after,metal_fragments_after
574.06,build,foundation,-753.45,18.36,-797.91,0.0,241.9,0.0,Twigs,,,105055,974438,0
574.74,build,foundation,-754.87,18.36,-795.26,0.0,331.9,0.0,Twigs,,,105005,974438,0
576.36,build,foundation.triangle,-753.54,18.36,-794.56,0.0,61.9,0.0,Twigs,,,104955,974438,0
577.78,build,wall.doorway,-752.04,18.36,-794.61,0.0,31.9,0.0,Twigs,,,104930,974438,0
578.08,build,wall.doorway,-753.54,18.36,-794.56,0.0,331.9,0.0,Twigs,,,104895,974438,0
578.87,build,wall,-752.75,18.36,-793.28,0.0,271.9,0.0,Twigs,,,104860,974438,0
579.20,build,wall,-755.57,18.36,-793.94,0.0,241.9,0.0,Twigs,,,104810,974438,0
579.45,build,wall,-756.19,18.36,-795.97,0.0,151.9,0.0,Twigs,,,104760,974438,0
580.18,build,wall,-752.75,18.36,-799.23,0.0,61.9,0.0,Twigs,,,104710,974438,0
580.48,build,wall,-754.78,18.36,-798.62,0.0,151.9,0.0,Twigs,,,104660,974438,0
580.98,build,wall,-752.13,18.36,-797.20,0.0,331.9,0.0,Twigs,,,104610,974438,0
581.98,build,floor,-753.45,21.36,-797.91,0.0,331.9,0.0,Twigs,,,104560,974438,0
582.84,build,floor,-754.87,21.36,-795.26,0.0,151.9,0.0,Twigs,,,104535,974438,0
584.42,build,floor.triangle,-753.54,21.36,-794.56,0.0,61.9,0.0,Twigs,,,104510,974438,0
585.46,upgrade,foundation.triangle,-753.54,18.36,-794.56,0.0,61.9,0.0,Stone,,,104497,974288,0
586.05,upgrade,wall.doorway,-752.04,18.36,-794.61,0.0,31.9,0.0,Stone,,,104497,974078,0
586.47,upgrade,wall,-752.75,18.36,-793.28,0.0,271.9,0.0,Stone,,,104497,973778,0
587.08,upgrade,floor.triangle,-753.54,21.36,-794.56,0.0,61.9,0.0,Stone,,,104497,973703,0
587.66,upgrade,wall.doorway,-753.54,18.36,-794.56,0.0,331.9,0.0,Stone,,,104497,973493,0
588.38,upgrade,wall,-755.57,18.36,-793.94,0.0,241.9,0.0,Stone,,,104497,973193,0
588.88,upgrade,floor,-754.87,21.36,-795.26,0.0,151.9,0.0,Stone,,,104497,973043,0
589.38,upgrade,foundation,-754.87,18.36,-795.26,0.0,331.9,0.0,Stone,,,104497,972743,0
589.85,upgrade,wall,-756.19,18.36,-795.97,0.0,151.9,0.0,Stone,,,104497,972443,0
590.94,upgrade,foundation,-753.45,18.36,-797.91,0.0,241.9,0.0,Stone,,,104497,972143,0
591.41,upgrade,wall,-754.78,18.36,-798.62,0.0,151.9,0.0,Stone,,,104497,971843,0
591.92,upgrade,wall,-752.13,18.36,-797.20,0.0,331.9,0.0,Stone,,,104497,971543,0
592.48,upgrade,wall,-752.75,18.36,-799.23,0.0,61.9,0.0,Stone,,,104497,971243,0
593.26,upgrade,floor,-753.45,21.36,-797.91,0.0,331.9,0.0,Stone,,,104497,971093,0
595.35,build,door.hinged.metal,-752.04,18.36,-794.61,0.0,211.9,0.0,,,,104497,971093,0
595.92,build,lock.code,-752.31,19.31,-794.99,0.0,211.9,0.9,,5512792,door.hinged.metal,104497,971093,0
598.92,build,door.hinged.metal,-753.54,18.36,-794.56,0.0,331.9,0.0,,,,104497,971093,0
601.21,build,lock.code,-753.75,19.31,-794.13,0.0,331.9,0.9,,5512835,door.hinged.metal,104497,971093,0
605.10,build,cupboard.tool.deployed,-752.26,18.46,-798.37,0.0,331.9,0.0,,,,104497,971093,0
608.08,build,workbench1.deployed,-753.53,18.46,-799.02,0.0,331.9,0.0,,,,104497,971093,0
610.44,build,furnace,-752.67,18.46,-797.47,0.0,241.9,0.0,,,,104497,971093,0
611.02,build,furnace,-753.13,18.46,-796.60,0.0,241.9,0.0,,,,104497,971093,0
611.74,build,lock.code,-752.31,19.56,-797.95,0.0,61.9,0.0,,5512874,cupboard.tool.deployed,104497,971093,0
617.40,build,box.wooden.large,-755.90,18.46,-795.22,0.0,61.9,0.0,,,,104497,971093,0
